"state_abbrev","license_class_name","residency","holder_eligibility","activity_scope","duration","approx_first_year","approx_last_year","was_issued_by_unit","notes","source_url"
"CO","Resident Annual Small Game License","Resident","General","General Hunting","Annual","1903","","False","Base small game hunting license for CO residents","https://cpw.state.co.us/hunting/big-game/qualifying-license"
"CO","Nonresident Annual Small Game License","Nonresident","General","General Hunting","Annual","1903","","False","Base small game hunting license for nonresidents","https://cpw.state.co.us/hunting/big-game/qualifying-license"
"CO","Youth Small Game License","Any","Youth","General Hunting","Annual","","","False","Available to hunters under 18","https://cpw.state.co.us/hunting/big-game/qualifying-license"
"CO","Resident Small Game and Fishing Combination","Resident","General","Combo Hunt+Fish","Annual","","","False","Combined small game hunting and fishing license","https://cpw.state.co.us/hunting/big-game/qualifying-license"
"CO","Resident Veteran Lifetime Combination License","Resident","Veteran","Combo Hunt+Fish","Lifetime","","","False","Lifetime combo for qualifying veterans","https://cpw.state.co.us/hunting/big-game/qualifying-license"
"CO","Mobility-Impaired Hunting License","Any","Disabled","General Hunting","Annual","","","False","For hunters with qualifying mobility impairments","https://cpw.state.co.us/hunting/big-game/qualifying-license"
"GA","Resident Hunting License","Resident","General","General Hunting","Annual","1911","","False","Base annual hunting license for GA residents","https://georgiawildlife.com/licenses-permits-passes/choose"
"GA","Nonresident Annual Hunting License","Nonresident","General","General Hunting","Annual","1911","","False","Annual license for nonresidents","https://georgiawildlife.com/licenses-permits-passes/choose"
"GA","Nonresident 1-Day Hunting License","Nonresident","General","General Hunting","1-day","","","False","Single-day nonresident hunting license","https://georgiawildlife.com/licenses-permits-passes/choose"
"GA","Nonresident 3-Day Hunting License","Nonresident","General","General Hunting","3-day","","","False","Three-day nonresident hunting license","https://georgiawildlife.com/licenses-permits-passes/choose"
"GA","Nonresident 7-Day Hunting License","Nonresident","General","General Hunting","7-day","","","False","Seven-day nonresident hunting license","https://georgiawildlife.com/licenses-permits-passes/choose"
"GA","Resident Sportsman's License","Resident","General","Sportsman","Annual","","","False","Includes hunting and fishing privileges","https://georgiawildlife.com/licenses-permits-passes/choose"
"GA","Nonresident Sportsman's License","Nonresident","General","Sportsman","Annual","","","False","Nonresident combo sportsman license","https://georgiawildlife.com/licenses-permits-passes/choose"
"GA","Resident Combination Hunt/Fish License","Resident","General","Combo Hunt+Fish","Annual","","","False","Resident combination hunting and fishing","https://georgiawildlife.com/licenses-permits-passes/choose"
"GA","Resident Optional Youth Sportsman's License","Resident","Youth","Sportsman","Annual","","","False","Optional sportsman license for resident youth","https://georgiawildlife.com/licenses-permits-passes/choose"
"GA","Lifetime Sportsman's License","Resident","General","Sportsman","Lifetime","","","False","Lifetime sportsman license for residents","https://georgiawildlife.com/licenses-permits-passes/choose"
"GA","Senior Lifetime Sportsman's License","Resident","Senior","Sportsman","Lifetime","","","False","Free lifetime for residents born before Jul 1 1952","https://georgiawildlife.com/licenses-permits-passes/choose"
"GA","Disability Hunting License","Any","Disabled","General Hunting","Annual","","","False","For qualifying disabled hunters","https://georgiawildlife.com/licenses-permits-passes/choose"
"GA","Honorary Veterans License","Any","Veteran","General Hunting","Annual","","","False","Honorary license for qualifying veterans","https://georgiawildlife.com/licenses-permits-passes/choose"
"IL","Resident Hunting License","Resident","General","General Hunting","Annual","1903","","False","Standard annual hunting license for IL residents. First issued Jun 11 1903.","https://dnr.illinois.gov/lpr/huntinglicensesfees.html"
"IL","Resident Youth Hunting and Trapping License","Resident","Youth","Trapping/Furbearer","Annual","","","False","Combo hunt and trap license for resident youth","https://dnr.illinois.gov/lpr/huntinglicensesfees.html"
"IL","Resident Combination Hunting/Fishing License","Resident","General","Combo Hunt+Fish","Annual","","","False","Resident combo hunting and fishing","https://dnr.illinois.gov/lpr/huntinglicensesfees.html"
"IL","Resident Senior Hunting License","Resident","Senior","General Hunting","Annual","","","False","Reduced-fee license for residents 65+","https://dnr.illinois.gov/lpr/huntinglicensesfees.html"
"IL","Nonresident Hunting License","Nonresident","General","General Hunting","Annual","1903","","False","Standard annual hunting license for nonresidents","https://dnr.illinois.gov/lpr/huntinglicensesfees.html"
"IL","Apprentice Hunting License","Any","Apprentice","General Hunting","Annual","","","False","For first-time hunters; must hunt with licensed adult","https://dnr.illinois.gov/lpr/huntinglicensesfees.html"
"IL","Resident Lifetime Hunting License","Resident","General","General Hunting","Lifetime","","","False","One-time purchase lifetime hunting license for residents","https://dnr.illinois.gov/lpr/huntinglicensesfees.html"
"IN","Resident Annual Hunting License","Resident","General","General Hunting","Annual","1901","","False","Standard annual hunting license for IN residents","https://www.in.gov/dnr/fish-and-wildlife/licenses-and-permits/license-fees/"
"IN","Resident Youth Consolidated Hunt/Trap License","Resident","Youth","Trapping/Furbearer","Annual","","","False","Youth combo hunting and trapping license","https://www.in.gov/dnr/fish-and-wildlife/licenses-and-permits/license-fees/"
"IN","Resident Hunting and Fishing Combination","Resident","General","Combo Hunt+Fish","Annual","","","False","Resident combo hunting and fishing","https://www.in.gov/dnr/fish-and-wildlife/licenses-and-permits/license-fees/"
"IN","DAV Hunting and Fishing License","Resident","Disabled","Combo Hunt+Fish","Annual","","","False","Disabled American Veteran combination license","https://www.in.gov/dnr/fish-and-wildlife/licenses-and-permits/license-fees/"
"IN","10-Year DAV Hunting and Fishing License","Resident","Disabled","Combo Hunt+Fish","Multi-year","","","False","10-year version of the DAV combo license","https://www.in.gov/dnr/fish-and-wildlife/licenses-and-permits/license-fees/"
"IN","Nonresident Annual Hunting License","Nonresident","General","General Hunting","Annual","1901","","False","Annual hunting license for nonresidents","https://www.in.gov/dnr/fish-and-wildlife/licenses-and-permits/license-fees/"
"IN","Nonresident Youth Annual Hunting License","Nonresident","Youth","General Hunting","Annual","","","False","Annual hunting license for nonresident youth","https://www.in.gov/dnr/fish-and-wildlife/licenses-and-permits/license-fees/"
"IN","Nonresident Five-Day Hunting License","Nonresident","General","General Hunting","5-day","","","False","Short-term five-day license for nonresidents","https://www.in.gov/dnr/fish-and-wildlife/licenses-and-permits/license-fees/"
"IA","Resident Hunting License","Resident","General","General Hunting","Annual","1909","","False","Standard annual hunting license for IA residents","https://www.iowadnr.gov/hunting/hunting-licenses-laws"
"IA","Resident Hunting/Habitat Fee Combination","Resident","General","General Hunting","Annual","","","False","Hunting license bundled with mandatory habitat fee","https://www.iowadnr.gov/hunting/hunting-licenses-laws"
"IA","Resident Outdoor Combination (Hunt+Fish+Habitat)","Resident","General","Combo Hunt+Fish","Annual","","","False","All-inclusive combo for residents","https://www.iowadnr.gov/hunting/hunting-licenses-laws"
"IA","Nonresident Hunting License","Nonresident","General","General Hunting","Annual","1909","","False","Annual hunting license for nonresidents","https://www.iowadnr.gov/hunting/hunting-licenses-laws"
"IA","Under 18 Hunting License","Any","Youth","General Hunting","Annual","","","False","Reduced-fee license for hunters under 18","https://www.iowadnr.gov/hunting/hunting-licenses-laws"
"IA","Lifetime Hunting License","Resident","General","General Hunting","Lifetime","","","False","One-time purchase lifetime license for residents","https://www.iowadnr.gov/hunting/hunting-licenses-laws"
"IA","Fur Harvester License","Resident","General","Trapping/Furbearer","Annual","","","False","License for fur-bearing animal harvest","https://www.iowadnr.gov/hunting/hunting-licenses-laws"
"IA","Trapping License","Any","General","Trapping/Furbearer","Annual","","","False","License for trapping activities","https://www.iowadnr.gov/hunting/hunting-licenses-laws"
"KS","Resident Annual Hunting License","Resident","General","General Hunting","Annual","1905","","False","Standard annual hunting license for KS residents","https://ksoutdoors.gov/Hunting/Applications-and-Fees/General"
"KS","Resident Senior Annual Hunting License","Resident","Senior","General Hunting","Annual","","","False","Reduced-fee license for residents 65+","https://ksoutdoors.gov/Hunting/Applications-and-Fees/General"
"KS","Resident Youth Multi-year Hunting License","Resident","Youth","General Hunting","Multi-year","","","False","Multi-year hunting license for resident youth","https://ksoutdoors.gov/Hunting/Applications-and-Fees/General"
"KS","Resident Annual Hunt/Fish Combination","Resident","General","Combo Hunt+Fish","Annual","","","False","Resident combo hunting and fishing","https://ksoutdoors.gov/Hunting/Applications-and-Fees/General"
"KS","Nonresident Annual Hunting License","Nonresident","General","General Hunting","Annual","1905","","False","Annual hunting license for nonresidents","https://ksoutdoors.gov/Hunting/Applications-and-Fees/General"
"KS","Lifetime Hunting License","Resident","General","General Hunting","Lifetime","","","False","One-time purchase lifetime license for residents","https://ksoutdoors.gov/Hunting/Applications-and-Fees/General"
"KS","Lifetime Hunt/Fish Combination","Resident","General","Combo Hunt+Fish","Lifetime","","","False","Lifetime combo hunting and fishing for residents","https://ksoutdoors.gov/Hunting/Applications-and-Fees/General"
"KS","Controlled Shooting Area License","Any","General","General Hunting","Annual","","","False","License for hunting at licensed controlled shooting areas","https://ksoutdoors.gov/Hunting/Applications-and-Fees/General"
"KS","National Guard Permit","Resident","Military","General Hunting","Annual","","","False","Reduced-fee permit for National Guard members","https://ksoutdoors.gov/Hunting/Applications-and-Fees/General"
"KS","Resident Furharvester License","Resident","General","Trapping/Furbearer","Annual","","","False","License for fur-bearing animal harvest","https://ksoutdoors.gov/Hunting/Applications-and-Fees/General"
"KY","Resident Hunting License","Resident","General","General Hunting","Annual","1912","","False","Standard annual hunting license for KY residents","https://fw.ky.gov/Licenses/Pages/default.aspx"
"KY","Nonresident Annual Hunting License","Nonresident","General","General Hunting","Annual","1912","","False","Annual hunting license for nonresidents","https://fw.ky.gov/Licenses/Pages/default.aspx"
"KY","1-Day Hunting License","Any","General","General Hunting","1-day","","","False","Single-day hunting license","https://fw.ky.gov/Licenses/Pages/default.aspx"
"KY","7-Day Small Game Hunting License","Any","General","General Hunting","7-day","","","False","Seven-day small game hunting license","https://fw.ky.gov/Licenses/Pages/default.aspx"
"KY","Nonresident 5-Day Hunting License","Nonresident","General","General Hunting","5-day","","","False","Five-day hunting license for nonresidents","https://fw.ky.gov/Licenses/Pages/default.aspx"
"KY","Jr. Hunting License (12-15)","Any","Junior","General Hunting","Annual","","","False","Junior hunting license for ages 12-15","https://fw.ky.gov/Licenses/Pages/default.aspx"
"KY","Combination Fishing and Hunting License","Any","General","Combo Hunt+Fish","Annual","","","False","Combined hunting and fishing license","https://fw.ky.gov/Licenses/Pages/default.aspx"
"KY","Sportsman License","Any","General","Sportsman","Annual","","","False","All-inclusive sportsman license","https://fw.ky.gov/Licenses/Pages/default.aspx"
"KY","Jr. Sportsman License","Any","Junior","Sportsman","Annual","","","False","Junior all-inclusive sportsman license","https://fw.ky.gov/Licenses/Pages/default.aspx"
"KY","Senior/Disabled License (65+)","Resident","Senior","General Hunting","Annual","","","False","Reduced-fee license for residents 65+ or disabled","https://fw.ky.gov/Licenses/Pages/default.aspx"
"KY","Senior Lifetime Sportsman's License","Resident","Senior","Sportsman","Lifetime","","","False","Lifetime sportsman license for qualifying seniors","https://fw.ky.gov/Licenses/Pages/default.aspx"
"KY","Resident Trapping License","Resident","General","Trapping/Furbearer","Annual","","","False","Annual trapping license for residents","https://fw.ky.gov/Licenses/Pages/default.aspx"
"ME","Resident Hunting License (Big Game)","Resident","General","General Hunting","Annual","1919","","False","Standard annual hunting license covering big game","https://www.maine.gov/ifw/hunting-trapping/hunting/laws-rules/licenses-permits.html"
"ME","Resident Small Game Hunting License","Resident","General","General Hunting","Annual","1919","","False","Resident license for small game only (no deer/bear)","https://www.maine.gov/ifw/hunting-trapping/hunting/laws-rules/licenses-permits.html"
"ME","Resident Archery Hunting License","Resident","General","General Hunting","Annual","","","False","Resident license for archery hunting","https://www.maine.gov/ifw/hunting-trapping/hunting/laws-rules/licenses-permits.html"
"ME","Resident Combination Fish/Hunt License","Resident","General","Combo Hunt+Fish","Annual","","","False","Resident combo hunting and fishing license","https://www.maine.gov/ifw/hunting-trapping/hunting/laws-rules/licenses-permits.html"
"ME","Resident Super Pack License","Resident","General","Sportsman","Annual","","","False","All-inclusive license bundle for residents at approximately $212","https://www.maine.gov/ifw/hunting-trapping/hunting/laws-rules/licenses-permits.html"
"ME","Nonresident Hunting License","Nonresident","General","General Hunting","Annual","1903","","False","Standard annual hunting license for nonresidents","https://www.maine.gov/ifw/hunting-trapping/hunting/laws-rules/licenses-permits.html"
"ME","Nonresident 3-Day Small Game License","Nonresident","General","General Hunting","3-day","","","False","Three-day small game license for nonresidents","https://www.maine.gov/ifw/hunting-trapping/hunting/laws-rules/licenses-permits.html"
"ME","Nonresident Alien Hunting License","Nonresident","General","General Hunting","Annual","","","False","For non-US citizen nonresident hunters","https://www.maine.gov/ifw/hunting-trapping/hunting/laws-rules/licenses-permits.html"
"ME","Junior Hunting License (under 16)","Any","Junior","General Hunting","Annual","","","False","Hunting license for hunters under age 16","https://www.maine.gov/ifw/hunting-trapping/hunting/laws-rules/licenses-permits.html"
"ME","Apprentice Hunting License","Any","Apprentice","General Hunting","Annual","","","False","For first-time hunters; must hunt with licensed mentor","https://www.maine.gov/ifw/hunting-trapping/hunting/laws-rules/licenses-permits.html"
"ME","Lifetime License","Resident","General","General Hunting","Lifetime","","","False","Age-tiered pricing; available for residents","https://www.maine.gov/ifw/hunting-trapping/hunting/laws-rules/licenses-permits.html"
"ME","Complimentary License","Any","Disabled","General Hunting","Annual","","","False","Free license for 50%+ disabled veterans and tribal members","https://www.maine.gov/ifw/hunting-trapping/hunting/laws-rules/licenses-permits.html"
"MD","Resident Regular Hunting License","Resident","General","General Hunting","Annual","1910","","False","Standard annual hunting license for MD residents. County-based until ~1916-18.","https://dnr.maryland.gov/pages/service_hunting_license.aspx"
"MD","Resident Junior Hunting License","Resident","Junior","General Hunting","Annual","","","False","Reduced-fee license for resident youth under 16","https://dnr.maryland.gov/pages/service_hunting_license.aspx"
"MD","Resident Senior Hunting License","Resident","Senior","General Hunting","Annual","","","False","Reduced-fee license for residents 65+","https://dnr.maryland.gov/pages/service_hunting_license.aspx"
"MD","Nonresident Hunting License","Nonresident","General","General Hunting","Annual","1910","","False","Annual hunting license for nonresidents","https://dnr.maryland.gov/pages/service_hunting_license.aspx"
"MD","Nonresident Junior Hunting License","Nonresident","Junior","General Hunting","Annual","","","False","Nonresident license for youth hunters","https://dnr.maryland.gov/pages/service_hunting_license.aspx"
"MD","Nonresident Senior Hunting License","Nonresident","Senior","General Hunting","Annual","","","False","Nonresident license for senior hunters","https://dnr.maryland.gov/pages/service_hunting_license.aspx"
"MD","Nonresident 3-Day Waterfowl and Small Game License","Nonresident","General","Waterfowl/Migratory","3-day","","","False","Short-term nonresident license focused on waterfowl","https://dnr.maryland.gov/pages/service_hunting_license.aspx"
"MD","Nonresident Trapping License","Nonresident","General","Trapping/Furbearer","Annual","","","False","Annual trapping license for nonresidents","https://dnr.maryland.gov/pages/service_hunting_license.aspx"
"MD","Resident Apprentice Hunting License","Resident","Apprentice","General Hunting","Annual","","","False","For first-time resident hunters","https://dnr.maryland.gov/pages/service_hunting_license.aspx"
"MD","Complimentary Lifetime License","Any","Disabled","General Hunting","Lifetime","","","False","Free lifetime for 100% disabled veterans and POWs","https://dnr.maryland.gov/pages/service_hunting_license.aspx"
"MI","Resident Base License","Resident","General","General Hunting","Annual","1895","","False","Required base license before purchasing species-specific licenses","https://www.eregulations.com/michigan/hunting/licenses-fees"
"MI","Nonresident Base License","Nonresident","General","General Hunting","Annual","1895","","False","Required base license for nonresidents","https://www.eregulations.com/michigan/hunting/licenses-fees"
"MI","Senior Hunting License","Resident","Senior","General Hunting","Annual","","","False","Reduced-fee base license for residents 65+","https://www.eregulations.com/michigan/hunting/licenses-fees"
"MI","Mentored Youth License","Any","Youth","General Hunting","Annual","","","False","For youth hunters hunting under direct adult supervision","https://www.eregulations.com/michigan/hunting/licenses-fees"
"MI","Hunt/Fish Combination License","Resident","General","Combo Hunt+Fish","Annual","","","False","Resident combo hunting and fishing","https://www.eregulations.com/michigan/hunting/licenses-fees"
"MI","Lifetime Comprehensive Hunt/Fish License","Resident","General","Combo Hunt+Fish","Lifetime","","","False","One-time purchase lifetime combo for residents","https://www.eregulations.com/michigan/hunting/licenses-fees"
"MI","Fur Harvester License","Any","General","Trapping/Furbearer","Annual","","","False","License for trapping and fur harvesting","https://www.eregulations.com/michigan/hunting/licenses-fees"
"MI","Nonresident 7-Day Small Game License","Nonresident","General","General Hunting","7-day","","","False","Seven-day small game license for nonresidents","https://www.eregulations.com/michigan/hunting/licenses-fees"
"MI","Nonresident 3-Day Small Game License","Nonresident","General","General Hunting","3-day","","","False","Three-day small game license for nonresidents","https://www.eregulations.com/michigan/hunting/licenses-fees"
"MN","Resident Small Game License","Resident","General","General Hunting","Annual","1899","","False","Base small game hunting license for MN residents. MN has species-specific licensing.","https://www.eregulations.com/minnesota/hunting/hunting-licenses-and-fees"
"MN","Nonresident Small Game License","Nonresident","General","General Hunting","Annual","1899","","False","Base small game hunting license for nonresidents","https://www.eregulations.com/minnesota/hunting/hunting-licenses-and-fees"
"MN","Resident Firearm Deer License","Resident","General","Big Game","Annual","","","True","Deer license specific to declared Deer Permit Area (DPA)","https://www.eregulations.com/minnesota/hunting/hunting-licenses-and-fees"
"MN","Resident Archery Deer License","Resident","General","Big Game","Annual","","","True","Archery deer license; DPA declared at purchase","https://www.eregulations.com/minnesota/hunting/hunting-licenses-and-fees"
"MN","Resident Muzzleloader Deer License","Resident","General","Big Game","Annual","","","True","Muzzleloader deer license; DPA declared at purchase","https://www.eregulations.com/minnesota/hunting/hunting-licenses-and-fees"
"MN","Sporting License (Combination)","Resident","General","Sportsman","Annual","","","False","Combo license covering multiple species/activities","https://www.eregulations.com/minnesota/hunting/hunting-licenses-and-fees"
"MN","Super Sports License","Resident","General","Sportsman","Annual","","","False","All-inclusive super sportsman license","https://www.eregulations.com/minnesota/hunting/hunting-licenses-and-fees"
"MN","Youth Small Game License","Any","Youth","General Hunting","Annual","","","False","Small game license for hunters under 18","https://www.eregulations.com/minnesota/hunting/hunting-licenses-and-fees"
"MN","Bear License","Any","General","Big Game","Annual","","","False","Black bear hunting license","https://www.eregulations.com/minnesota/hunting/hunting-licenses-and-fees"
"MN","Turkey License","Any","General","Big Game","Annual","","","False","Wild turkey hunting license","https://www.eregulations.com/minnesota/hunting/hunting-licenses-and-fees"
"MN","Trapping License","Any","General","Trapping/Furbearer","Annual","","","False","License for trapping furbearers","https://www.eregulations.com/minnesota/hunting/hunting-licenses-and-fees"
"MO","Resident Small Game Hunting Permit","Resident","General","General Hunting","Annual","1913","","False","MO uses 'permits' not 'licenses'. Base small game permit for residents.","https://mdc.mo.gov/permits/hunting-permits"
"MO","Resident Hunting and Fishing Permit","Resident","General","Combo Hunt+Fish","Annual","","","False","Resident combo hunting and fishing permit","https://mdc.mo.gov/permits/hunting-permits"
"MO","Resident Lifetime Small Game Hunting Permit","Resident","General","General Hunting","Lifetime","","","False","Lifetime small game permit for residents","https://mdc.mo.gov/permits/hunting-permits"
"MO","Resident Lifetime Conservation Partner Permit","Resident","General","Combo Hunt+Fish","Lifetime","","","False","All-inclusive lifetime permit for residents","https://mdc.mo.gov/permits/hunting-permits"
"MO","Nonresident Small Game Hunting Permit","Nonresident","General","General Hunting","Annual","1913","","False","Base small game permit for nonresidents","https://mdc.mo.gov/permits/hunting-permits"
"MO","Apprentice Hunter Authorization","Any","Apprentice","General Hunting","Annual","","","False","For first-time hunters; must hunt with licensed adult","https://mdc.mo.gov/permits/hunting-permits"
"MO","Military Reduced Cost Permit","Any","Military","General Hunting","Annual","","","False","Reduced-cost hunting permit for active military","https://mdc.mo.gov/permits/hunting-permits"
"MT","Conservation License","Any","General","General Hunting","Annual","1905","","False","Prerequisite for all other licenses; required before purchasing any species license","https://fwp.mt.gov/buyandapply/hunting-licenses/resident-licenses/fees"
"MT","Base Hunting License","Any","General","General Hunting","Annual","1905","","False","Second prerequisite; required before species-specific licenses","https://fwp.mt.gov/buyandapply/hunting-licenses/resident-licenses/fees"
"MT","Sportsman License (with Bear)","Resident","General","Sportsman","Annual","","","False","Comprehensive license bundle including black bear","https://fwp.mt.gov/buyandapply/hunting-licenses/resident-licenses/fees"
"MT","Sportsman License (without Bear)","Resident","General","Sportsman","Annual","","","False","Comprehensive license bundle excluding bear","https://fwp.mt.gov/buyandapply/hunting-licenses/resident-licenses/fees"
"MT","General Deer License","Any","General","Big Game","Annual","","","True","General deer license; hunting district declared","https://fwp.mt.gov/buyandapply/hunting-licenses/resident-licenses/fees"
"MT","General Elk License","Any","General","Big Game","Annual","","","True","General elk license; hunting district declared","https://fwp.mt.gov/buyandapply/hunting-licenses/resident-licenses/fees"
"MT","Antelope License (Draw)","Any","General","Big Game","Annual","","","True","Limited entry antelope license via draw","https://fwp.mt.gov/buyandapply/hunting-licenses/resident-licenses/fees"
"MT","Deer B License","Any","General","Big Game","Annual","","","True","Secondary antlerless deer license for specific districts","https://fwp.mt.gov/buyandapply/hunting-licenses/resident-licenses/fees"
"MT","Elk B License","Any","General","Big Game","Annual","","","True","Secondary antlerless elk license for specific districts","https://fwp.mt.gov/buyandapply/hunting-licenses/resident-licenses/fees"
"MT","Black Bear License","Any","General","Big Game","Annual","","","False","Black bear hunting license","https://fwp.mt.gov/buyandapply/hunting-licenses/resident-licenses/fees"
"MT","Turkey License","Any","General","Big Game","Annual","","","False","Wild turkey hunting license","https://fwp.mt.gov/buyandapply/hunting-licenses/resident-licenses/fees"
"MT","Upland Game Bird License","Any","General","General Hunting","Annual","","","False","License covering upland birds (pheasant grouse partridge)","https://fwp.mt.gov/buyandapply/hunting-licenses/resident-licenses/fees"
"MT","Mountain Lion License","Any","General","Big Game","Annual","","","False","Mountain lion hunting license","https://fwp.mt.gov/buyandapply/hunting-licenses/resident-licenses/fees"
"NH","Resident Hunting License","Resident","General","General Hunting","Annual","1909","","False","Standard annual hunting license for NH residents","https://www.wildlife.nh.gov/licenses-and-permits/nh-license-requirements"
"NH","Resident Combination Hunting and Fishing License","Resident","General","Combo Hunt+Fish","Annual","","","False","Resident combo hunting and fishing","https://www.wildlife.nh.gov/licenses-and-permits/nh-license-requirements"
"NH","Nonresident Hunting License","Nonresident","General","General Hunting","Annual","1909","","False","Annual hunting license for nonresidents","https://www.wildlife.nh.gov/licenses-and-permits/nh-license-requirements"
"NH","Nonresident Small Game License","Nonresident","General","General Hunting","Annual","","","False","Small game only license for nonresidents","https://www.wildlife.nh.gov/licenses-and-permits/nh-license-requirements"
"NH","Nonresident 3-Day Small Game License","Nonresident","General","General Hunting","3-day","","","False","Three-day small game license for nonresidents","https://www.wildlife.nh.gov/licenses-and-permits/nh-license-requirements"
"NH","Senior Combination License (68+)","Resident","Senior","Combo Hunt+Fish","Annual","","","False","Reduced-fee combo for residents 68+","https://www.wildlife.nh.gov/licenses-and-permits/nh-license-requirements"
"NH","Permanent/Milestone License","Resident","Senior","General Hunting","Lifetime","","","False","Free license for NH residents born 1947 or earlier","https://www.wildlife.nh.gov/licenses-and-permits/nh-license-requirements"
"NH","Lifetime License","Resident","General","General Hunting","Lifetime","","","False","Age-tiered lifetime license for residents. Newborn combo available for $300.","https://www.wildlife.nh.gov/licenses-and-permits/nh-license-requirements"
"NH","Apprentice Hunting License","Any","Apprentice","General Hunting","Annual","","","False","For first-time hunters; must hunt with licensed mentor","https://www.wildlife.nh.gov/licenses-and-permits/nh-license-requirements"
"NH","Disabled Veteran/Paraplegic License","Any","Disabled","General Hunting","Annual","","","False","Free license for qualifying disabled veterans and paraplegics","https://www.wildlife.nh.gov/licenses-and-permits/nh-license-requirements"
"NY","Resident Hunting License","Resident","General","General Hunting","Annual","1908","","False","Standard annual hunting license for NY residents","https://dec.ny.gov/regulatory/permits-licenses/sporting-and-use/sporting/hunting-license"
"NY","Nonresident Hunting License","Nonresident","General","General Hunting","Annual","1908","","False","Annual hunting license for nonresidents","https://dec.ny.gov/regulatory/permits-licenses/sporting-and-use/sporting/hunting-license"
"NY","Resident Junior Hunting License (12-15)","Resident","Junior","General Hunting","Annual","","","False","Reduced-fee license for resident hunters ages 12-15","https://dec.ny.gov/regulatory/permits-licenses/sporting-and-use/sporting/hunting-license"
"NY","Nonresident Junior Hunting License","Nonresident","Junior","General Hunting","Annual","","","False","Junior hunting license for nonresident youth","https://dec.ny.gov/regulatory/permits-licenses/sporting-and-use/sporting/hunting-license"
"NY","Lifetime Hunting License","Resident","General","General Hunting","Lifetime","","","False","Must be purchased under age 16; valid for life","https://dec.ny.gov/regulatory/permits-licenses/sporting-and-use/sporting/hunting-license"
"NY","Sportsman License","Any","General","Sportsman","Annual","","","False","Includes hunting plus archery and muzzleloading privileges","https://dec.ny.gov/regulatory/permits-licenses/sporting-and-use/sporting/hunting-license"
"NY","Active Military Free Hunting License","Any","Military","General Hunting","Annual","","","False","Free hunting license for active duty military","https://dec.ny.gov/regulatory/permits-licenses/sporting-and-use/sporting/hunting-license"
"NY","Disabled Veteran (40%+) Free License","Any","Veteran","General Hunting","Annual","","","False","Free license for veterans with 40%+ disability rating","https://dec.ny.gov/regulatory/permits-licenses/sporting-and-use/sporting/hunting-license"
"NY","Senior (70+) Free License","Resident","Senior","General Hunting","Annual","","","False","Free hunting license for NY residents age 70 and older","https://dec.ny.gov/regulatory/permits-licenses/sporting-and-use/sporting/hunting-license"
"NY","Legally Blind Free License","Any","Disabled","General Hunting","Annual","","","False","Free hunting license for legally blind hunters","https://dec.ny.gov/regulatory/permits-licenses/sporting-and-use/sporting/hunting-license"
"NC","Resident State Hunting License","Resident","General","General Hunting","Annual","1935","","False","Base annual hunting license for NC residents","https://www.ncwildlife.gov/hunting/hunting-licenses"
"NC","Resident Comprehensive Hunting License","Resident","General","General Hunting","Annual","","","False","Adds big game and waterfowl to base; equivalent to full hunting license","https://www.ncwildlife.gov/hunting/hunting-licenses"
"NC","Nonresident State Hunting License","Nonresident","General","General Hunting","Annual","1935","","False","Annual hunting license for nonresidents","https://www.ncwildlife.gov/hunting/hunting-licenses"
"NC","Nonresident 10-Day Hunting License","Nonresident","General","General Hunting","10-day","","","False","Short-term 10-day license for nonresidents; reciprocal with GA/SC/TN/VA","https://www.ncwildlife.gov/hunting/hunting-licenses"
"NC","Resident Sportsman License","Resident","General","Sportsman","Annual","","","False","All-inclusive annual sportsman license for residents","https://www.ncwildlife.gov/hunting/hunting-licenses"
"NC","Resident Unified Sportsman License","Resident","General","Sportsman","Annual","","","False","Comprehensive all-activities license for residents","https://www.ncwildlife.gov/hunting/hunting-licenses"
"NC","Lifetime Comprehensive Hunting License","Resident","General","General Hunting","Lifetime","","","False","One-time purchase lifetime license for residents","https://www.ncwildlife.gov/hunting/hunting-licenses"
"NC","Senior Sportsman License (Lifetime)","Resident","Senior","Sportsman","Lifetime","","","False","Lifetime sportsman license for qualifying seniors","https://www.ncwildlife.gov/hunting/hunting-licenses"
"NC","Totally Disabled Sportsman License","Any","Disabled","Sportsman","Annual","","","False","Free annual sportsman license for totally disabled hunters","https://www.ncwildlife.gov/hunting/hunting-licenses"
"NC","Disabled Veteran Sportsman License","Any","Veteran","Sportsman","Annual","","","False","Free annual sportsman license for qualifying disabled veterans","https://www.ncwildlife.gov/hunting/hunting-licenses"
"NC","State Trapping License","Any","General","Trapping/Furbearer","Annual","","","False","License for trapping furbearing animals","https://www.ncwildlife.gov/hunting/hunting-licenses"
"NC","Falconry Hunting License","Any","General","Other","Annual","","","False","License for hunting with falconry; Other activity scope as it is specialized","https://www.ncwildlife.gov/hunting/hunting-licenses"
"OH","Resident Hunting License","Resident","General","General Hunting","Annual","1913","","False","Standard annual hunting license for OH residents. First issued Sep 27 1913.","https://wildlife.ohiodnr.gov/"
"OH","Nonresident Hunting License","Nonresident","General","General Hunting","Annual","1913","","False","Annual hunting license for nonresidents","https://wildlife.ohiodnr.gov/"
"OH","One-Day Nonresident Hunting License","Nonresident","General","General Hunting","1-day","","","False","Single-day hunting license for nonresidents","https://wildlife.ohiodnr.gov/"
"OH","Youth Hunting License","Any","Youth","General Hunting","Annual","","","False","Reduced-fee license for hunters under 18","https://wildlife.ohiodnr.gov/"
"OH","Senior Hunting License","Resident","Senior","General Hunting","Annual","","","False","Reduced-fee license for residents 65+","https://wildlife.ohiodnr.gov/"
"OH","Free Senior Hunting License","Resident","Senior","General Hunting","Annual","","","False","Free license for residents born on/before Dec 31 1937","https://wildlife.ohiodnr.gov/"
"OH","Disabled Veteran Hunting License","Any","Veteran","General Hunting","Annual","","","False","Free or reduced-fee license for qualifying disabled veterans","https://wildlife.ohiodnr.gov/"
"OH","Multi-year Hunting License (3-year)","Resident","General","General Hunting","Multi-year","","","False","Three-year hunting license for residents","https://wildlife.ohiodnr.gov/"
"OH","Multi-year Hunting License (5-year)","Resident","General","General Hunting","Multi-year","","","False","Five-year hunting license for residents","https://wildlife.ohiodnr.gov/"
"OH","Multi-year Hunting License (10-year)","Resident","General","General Hunting","Multi-year","","","False","Ten-year hunting license for residents","https://wildlife.ohiodnr.gov/"
"OH","Adult Lifetime Hunting License","Resident","General","General Hunting","Lifetime","","","False","Lifetime hunting license for adult residents","https://wildlife.ohiodnr.gov/"
"OH","Youth Lifetime Hunting License","Resident","Youth","General Hunting","Lifetime","","","False","Lifetime hunting license for residents under 18","https://wildlife.ohiodnr.gov/"
"OH","Senior Lifetime Hunting License","Resident","Senior","General Hunting","Lifetime","","","False","Lifetime hunting license for residents 65+","https://wildlife.ohiodnr.gov/"
"OH","Apprentice Hunting License","Any","Apprentice","General Hunting","Annual","","","False","For first-time hunters; must hunt with licensed mentor","https://wildlife.ohiodnr.gov/"
"PA","Resident Adult Hunting License","Resident","General","General Hunting","Annual","1913","","False","Standard annual hunting license for PA residents. First sold in 1913 for $1.","https://www.pa.gov/agencies/pgc/huntingandtrapping/licenses-and-permits/license-types"
"PA","Resident Junior Hunting License","Resident","Junior","General Hunting","Annual","1913","","False","Reduced-fee annual license for resident hunters under 17","https://www.pa.gov/agencies/pgc/huntingandtrapping/licenses-and-permits/license-types"
"PA","Resident Senior Hunting License","Resident","Senior","General Hunting","Annual","","","False","Reduced-fee license for resident hunters 65+","https://www.pa.gov/agencies/pgc/huntingandtrapping/licenses-and-permits/license-types"
"PA","Resident Senior Lifetime Hunting License","Resident","Senior","General Hunting","Lifetime","","","False","Lifetime hunting license for qualifying senior residents","https://www.pa.gov/agencies/pgc/huntingandtrapping/licenses-and-permits/license-types"
"PA","Nonresident Adult Hunting License","Nonresident","General","General Hunting","Annual","1913","","False","Annual hunting license for nonresident adults","https://www.pa.gov/agencies/pgc/huntingandtrapping/licenses-and-permits/license-types"
"PA","Nonresident 7-Day Small Game License","Nonresident","General","General Hunting","7-day","","","False","Seven-day small game license for nonresidents","https://www.pa.gov/agencies/pgc/huntingandtrapping/licenses-and-permits/license-types"
"PA","Resident Furtaker License","Resident","General","Trapping/Furbearer","Annual","","","False","Annual trapping/fur harvesting license for residents","https://www.pa.gov/agencies/pgc/huntingandtrapping/licenses-and-permits/license-types"
"PA","Nonresident Furtaker License","Nonresident","General","Trapping/Furbearer","Annual","","","False","Annual trapping/fur harvesting license for nonresidents","https://www.pa.gov/agencies/pgc/huntingandtrapping/licenses-and-permits/license-types"
"PA","Resident Junior Combination License","Resident","Junior","Combo Hunt+Fish","Annual","","","False","Combo hunting and fishing license for resident junior hunters","https://www.pa.gov/agencies/pgc/huntingandtrapping/licenses-and-permits/license-types"
"PA","Mentored Youth Permit","Resident","Youth","General Hunting","Annual","","","False","For youth hunters hunting under direct adult supervision","https://www.pa.gov/agencies/pgc/huntingandtrapping/licenses-and-permits/license-types"
"PA","Resident Disabled Veteran Hunting License","Resident","Veteran","General Hunting","Annual","","","False","Free or reduced-fee license for qualifying disabled veteran residents","https://www.pa.gov/agencies/pgc/huntingandtrapping/licenses-and-permits/license-types"
"PA","Resident Military Hunting License","Resident","Military","General Hunting","Annual","","","False","Reduced-fee license for qualifying active military residents","https://www.pa.gov/agencies/pgc/huntingandtrapping/licenses-and-permits/license-types"
"TN","Resident Junior Hunt/Fish/Trap License","Resident","Junior","Sportsman","Annual","","","False","All-inclusive license for resident youth","https://www.tn.gov/twra/license-sales.html"
"TN","Resident Combination Hunt/Fish License","Resident","General","Combo Hunt+Fish","Annual","1920","","False","Standard resident hunting and fishing combination","https://www.tn.gov/twra/license-sales.html"
"TN","Resident Annual Sportsman License","Resident","General","Sportsman","Annual","","","False","All-inclusive annual sportsman license for residents","https://www.tn.gov/twra/license-sales.html"
"TN","Resident Senior Sportsman License (65+)","Resident","Senior","Sportsman","Annual","","","False","Reduced-fee sportsman license for residents 65+","https://www.tn.gov/twra/license-sales.html"
"TN","Resident Senior Citizen Hunt/Fish/Trap License","Resident","Senior","Sportsman","Annual","","","False","Full combo license for senior residents","https://www.tn.gov/twra/license-sales.html"
"TN","Resident Permanent Senior Citizen License","Resident","Senior","Sportsman","Lifetime","","","False","Permanent (lifetime) license for qualifying senior residents","https://www.tn.gov/twra/license-sales.html"
"TN","Resident Lifetime Sportsman License","Resident","General","Sportsman","Lifetime","","","False","One-time purchase lifetime sportsman license for residents","https://www.tn.gov/twra/license-sales.html"
"TN","Nonresident 7-Day All Game License","Nonresident","General","Sportsman","7-day","","","False","Seven-day all-game license for nonresidents","https://www.tn.gov/twra/license-sales.html"
"TN","Nonresident Annual All Game License","Nonresident","General","Sportsman","Annual","","","False","Annual all-game license for nonresidents","https://www.tn.gov/twra/license-sales.html"
"TN","Nonresident 7-Day Hunt/Small Game/Waterfowl","Nonresident","General","General Hunting","7-day","","","False","Seven-day small game and waterfowl license for nonresidents","https://www.tn.gov/twra/license-sales.html"
"TN","Nonresident Annual Hunt/Small Game/Waterfowl","Nonresident","General","General Hunting","Annual","","","False","Annual small game and waterfowl license for nonresidents","https://www.tn.gov/twra/license-sales.html"
"TN","Apprentice Hunter Education Permit","Any","Apprentice","General Hunting","Annual","","","False","For first-time hunters prior to completing hunter education","https://www.tn.gov/twra/license-sales.html"
"TN","Nonresident Native Tennessean License","Nonresident","General","General Hunting","Annual","","","False","Nonresidents born in TN receive resident rates","https://www.tn.gov/twra/license-sales.html"
"TN","Disabled Veteran Hunting and Fishing License","Any","Veteran","Combo Hunt+Fish","Annual","","","False","Reduced-fee combo license for qualifying disabled veterans","https://www.tn.gov/twra/license-sales.html"
"TN","Wheelchair Hunt/Fish License","Any","Disabled","Combo Hunt+Fish","Annual","","","False","For hunters using wheelchairs or with qualifying mobility impairments","https://www.tn.gov/twra/license-sales.html"
"TX","Resident General Hunting License","Resident","General","General Hunting","Annual","1909","","False","Standard annual hunting license for TX residents","https://tpwd.texas.gov/regulations/outdoor-annual/licenses/hunting-licenses-and-permits/hunting-licenses"
"TX","Nonresident General Hunting License","Nonresident","General","General Hunting","Annual","1909","","False","Annual hunting license for nonresidents","https://tpwd.texas.gov/regulations/outdoor-annual/licenses/hunting-licenses-and-permits/hunting-licenses"
"TX","Nonresident Special 5-Day Small Game License","Nonresident","General","General Hunting","5-day","","","False","Five-day small game license for nonresidents","https://tpwd.texas.gov/regulations/outdoor-annual/licenses/hunting-licenses-and-permits/hunting-licenses"
"TX","Senior Resident Hunting License","Resident","Senior","General Hunting","Annual","","","False","Reduced-fee license for resident hunters 65+","https://tpwd.texas.gov/regulations/outdoor-annual/licenses/hunting-licenses-and-permits/hunting-licenses"
"TX","Youth Hunting License","Any","Youth","General Hunting","Annual","","","False","Reduced-fee license for hunters under 17","https://tpwd.texas.gov/regulations/outdoor-annual/licenses/hunting-licenses-and-permits/hunting-licenses"
"TX","Lifetime Hunting License","Resident","General","General Hunting","Lifetime","","","False","One-time purchase lifetime hunting license for residents","https://tpwd.texas.gov/regulations/outdoor-annual/licenses/hunting-licenses-and-permits/hunting-licenses"
"TX","Disabled Veteran Hunting License","Any","Veteran","General Hunting","Annual","","","False","Free or reduced-fee license for qualifying disabled veterans","https://tpwd.texas.gov/regulations/outdoor-annual/licenses/hunting-licenses-and-permits/hunting-licenses"
"TX","Resident Super Combo License","Resident","General","Sportsman","Annual","","","False","All-inclusive combo covering hunting fishing and endorsements","https://tpwd.texas.gov/regulations/outdoor-annual/licenses/hunting-licenses-and-permits/hunting-licenses"
"TX","Nonresident Super Combo License","Nonresident","General","Sportsman","Annual","","","False","All-inclusive combo for nonresidents","https://tpwd.texas.gov/regulations/outdoor-annual/licenses/hunting-licenses-and-permits/hunting-licenses"
"TX","Trapper's License","Any","General","Trapping/Furbearer","Annual","","","False","License for trapping furbearing animals","https://tpwd.texas.gov/regulations/outdoor-annual/licenses/hunting-licenses-and-permits/hunting-licenses"
"VT","Resident Hunting License","Resident","General","General Hunting","Annual","1908","","False","Standard annual hunting license for VT residents","https://www.eregulations.com/vermont/hunting/license-information"
"VT","Nonresident Hunting License","Nonresident","General","General Hunting","Annual","1908","","False","Annual hunting license for nonresidents","https://www.eregulations.com/vermont/hunting/license-information"
"VT","Resident Combination Hunting and Fishing License","Resident","General","Combo Hunt+Fish","Annual","","","False","Resident combo hunting and fishing","https://www.eregulations.com/vermont/hunting/license-information"
"VT","Youth Hunting License (under 18)","Any","Youth","General Hunting","Annual","","","False","Reduced-fee license for hunters under 18","https://www.eregulations.com/vermont/hunting/license-information"
"VT","Mentored Hunting License","Any","Apprentice","General Hunting","Annual","","","False","For first-time hunters hunting under direct adult mentorship","https://www.eregulations.com/vermont/hunting/license-information"
"VT","Permanent License (66+)","Resident","Senior","General Hunting","Lifetime","","","False","One-time $60 permanent license for residents 66+","https://www.eregulations.com/vermont/hunting/license-information"
"VT","Lifetime License","Resident","General","General Hunting","Lifetime","","","False","Age-tiered pricing lifetime license for residents","https://www.eregulations.com/vermont/hunting/license-information"
"VT","Trapping License","Any","General","Trapping/Furbearer","Annual","","","False","Annual license for trapping furbearing animals","https://www.eregulations.com/vermont/hunting/license-information"
"VT","Free License (Paraplegic)","Any","Disabled","General Hunting","Annual","","","False","Free annual license for paraplegic hunters","https://www.eregulations.com/vermont/hunting/license-information"
"VT","Free License (60%+ Disabled Veteran)","Any","Veteran","General Hunting","Annual","","","False","Free annual license for veterans with 60%+ disability rating","https://www.eregulations.com/vermont/hunting/license-information"
"VT","Free License (Tribal Member)","Any","Honorary","General Hunting","Annual","","","False","Free license for recognized tribal members","https://www.eregulations.com/vermont/hunting/license-information"
"VA","Resident Hunting License (1-year)","Resident","General","General Hunting","Annual","1916","","False","Standard annual hunting license for VA residents","https://dwr.virginia.gov/hunting/regulations/licenses/"
"VA","Resident Hunting License (2-year)","Resident","General","General Hunting","Multi-year","","","False","Two-year hunting license for residents","https://dwr.virginia.gov/hunting/regulations/licenses/"
"VA","Resident Hunting License (3-year)","Resident","General","General Hunting","Multi-year","","","False","Three-year hunting license for residents","https://dwr.virginia.gov/hunting/regulations/licenses/"
"VA","Resident Hunting License (4-year)","Resident","General","General Hunting","Multi-year","","","False","Four-year hunting license for residents","https://dwr.virginia.gov/hunting/regulations/licenses/"
"VA","Resident County or City Hunting License","Resident","General","General Hunting","Annual","","","True","County/city-specific license cheaper than statewide; valid only in named jurisdiction","https://dwr.virginia.gov/hunting/regulations/licenses/"
"VA","Resident Junior Hunting License","Resident","Junior","General Hunting","Annual","","","False","Reduced-fee license for resident youth hunters","https://dwr.virginia.gov/hunting/regulations/licenses/"
"VA","Resident Youth Combination Hunting License","Resident","Youth","Combo Hunt+Fish","Annual","","","False","Youth combo hunting and fishing license","https://dwr.virginia.gov/hunting/regulations/licenses/"
"VA","Resident Sportsman's License","Resident","General","Sportsman","Annual","","","False","All-inclusive sportsman license for residents","https://dwr.virginia.gov/hunting/regulations/licenses/"
"VA","Resident Senior Citizen Hunting License (65+)","Resident","Senior","General Hunting","Annual","","","False","Reduced-fee license for residents 65+","https://dwr.virginia.gov/hunting/regulations/licenses/"
"VA","Nonresident Hunting License","Nonresident","General","General Hunting","Annual","1916","","False","Annual hunting license for nonresidents","https://dwr.virginia.gov/hunting/regulations/licenses/"
"VA","Nonresident 3-Day Hunt License","Nonresident","General","General Hunting","3-day","","","False","Three-day short-term hunting license for nonresidents","https://dwr.virginia.gov/hunting/regulations/licenses/"
"VA","Resident Fox Hunting License","Resident","General","Other","Annual","","","False","License specifically for fox hunting; Other activity scope","https://dwr.virginia.gov/hunting/regulations/licenses/"
"VA","Disabled Veteran Lifetime License","Any","Veteran","General Hunting","Lifetime","","","False","Free lifetime license for qualifying disabled veterans","https://dwr.virginia.gov/hunting/regulations/licenses/"
"VA","Legacy License (Youth Lifetime)","Resident","Youth","General Hunting","Lifetime","","","False","Lifetime license purchased for youth residents","https://dwr.virginia.gov/hunting/regulations/licenses/"
"VA","Trapping License","Any","General","Trapping/Furbearer","Annual","","","False","Annual license for trapping furbearing animals","https://dwr.virginia.gov/hunting/regulations/licenses/"
"WV","Hunting License Class A","Resident","General","General Hunting","Annual","1909","","False","Standard annual hunting license for WV residents","https://wvdnr.gov/frequently-asked-questions/regulations-and-licenses/"
"WV","Sportsman License Class X","Any","General","Sportsman","Annual","","","False","All-inclusive sportsman license","https://wvdnr.gov/frequently-asked-questions/regulations-and-licenses/"
"WV","3-Year Sportsman License Class X3","Resident","General","Sportsman","Multi-year","","","False","Three-year sportsman license for residents","https://wvdnr.gov/frequently-asked-questions/regulations-and-licenses/"
"WV","Permanent Sportsman License Class XP","Resident","General","Sportsman","Lifetime","","","False","Permanent (lifetime) sportsman license for residents","https://wvdnr.gov/frequently-asked-questions/regulations-and-licenses/"
"WV","Junior Sportsman License Class XJ","Any","Junior","Sportsman","Annual","","","False","All-inclusive sportsman license for youth","https://wvdnr.gov/frequently-asked-questions/regulations-and-licenses/"
"WV","Senior Hunting/Trapping/Fishing License Class XS","Resident","Senior","Sportsman","Annual","","","False","Free all-inclusive license for residents 65+","https://wvdnr.gov/frequently-asked-questions/regulations-and-licenses/"
"WV","Lifetime Hunting License Class A-L","Resident","General","General Hunting","Lifetime","","","False","Lifetime hunting license for residents","https://wvdnr.gov/frequently-asked-questions/regulations-and-licenses/"
"WV","Lifetime Combo License Class AB-L","Resident","General","Combo Hunt+Fish","Lifetime","","","False","Lifetime combo hunting and fishing for residents","https://wvdnr.gov/frequently-asked-questions/regulations-and-licenses/"
"WV","Nonresident Hunting License Class E","Nonresident","General","General Hunting","Annual","1899","","False","Annual hunting license for nonresidents. WV first issued NR license in 1899.","https://wvdnr.gov/frequently-asked-questions/regulations-and-licenses/"
"WV","Nonresident Bear Hunting License Class EE","Nonresident","General","Big Game","Annual","","","False","Bear-specific hunting license for nonresidents","https://wvdnr.gov/frequently-asked-questions/regulations-and-licenses/"
"WV","Nonresident Junior Sportsman License Class XXJ","Nonresident","Junior","Sportsman","Annual","","","False","All-inclusive sportsman license for nonresident youth","https://wvdnr.gov/frequently-asked-questions/regulations-and-licenses/"
"WV","Apprentice Hunting License Class AH","Any","Apprentice","General Hunting","Annual","","","False","For first-time hunters; must hunt with licensed mentor","https://wvdnr.gov/frequently-asked-questions/regulations-and-licenses/"
"WV","Disabled Hunting Permit Class Q","Any","Disabled","General Hunting","Annual","","","False","Special permit for qualifying disabled hunters","https://wvdnr.gov/frequently-asked-questions/regulations-and-licenses/"
"WI","Resident Small Game License","Resident","General","General Hunting","Annual","1897","","False","Standard annual small game hunting license for WI residents. First issued 1897.","https://www.eregulations.com/wisconsin/hunting/hunting-licenses-and-fees"
"WI","Resident Gun Deer License","Resident","General","Big Game","Annual","1897","","False","Annual firearm deer hunting license for residents","https://www.eregulations.com/wisconsin/hunting/hunting-licenses-and-fees"
"WI","Resident Archer License","Resident","General","Big Game","Annual","","","False","Annual archery deer hunting license for residents","https://www.eregulations.com/wisconsin/hunting/hunting-licenses-and-fees"
"WI","Nonresident Small Game License","Nonresident","General","General Hunting","Annual","1897","","False","Annual small game license for nonresidents","https://www.eregulations.com/wisconsin/hunting/hunting-licenses-and-fees"
"WI","Nonresident 5-Day Small Game License","Nonresident","General","General Hunting","5-day","","","False","Five-day small game license for nonresidents","https://www.eregulations.com/wisconsin/hunting/hunting-licenses-and-fees"
"WI","Conservation Patron License","Resident","General","Sportsman","Annual","","","False","All-inclusive bundle covering multiple activities","https://www.eregulations.com/wisconsin/hunting/hunting-licenses-and-fees"
"WI","Junior Conservation Patron License","Resident","Junior","Sportsman","Annual","","","False","All-inclusive bundle for resident youth","https://www.eregulations.com/wisconsin/hunting/hunting-licenses-and-fees"
"WI","Sports License","Resident","General","Combo Hunt+Fish","Annual","","","False","Resident combo hunting and fishing license","https://www.eregulations.com/wisconsin/hunting/hunting-licenses-and-fees"
"WI","Resident Trapping License","Resident","General","Trapping/Furbearer","Annual","","","False","Annual trapping license for residents","https://www.eregulations.com/wisconsin/hunting/hunting-licenses-and-fees"
"WI","Youth Small Game License","Any","Youth","General Hunting","Annual","","","False","Reduced-fee small game license for hunters under 18","https://www.eregulations.com/wisconsin/hunting/hunting-licenses-and-fees"
"WI","Senior Small Game License","Resident","Senior","General Hunting","Annual","","","False","Reduced-fee license for residents 65+","https://www.eregulations.com/wisconsin/hunting/hunting-licenses-and-fees"
"WY","Conservation Stamp","Any","General","General Hunting","Annual","1899","","False","Prerequisite conservation stamp required before all hunting licenses","https://wgfd.wyo.gov/licenses-applications/license-fee-list"
"WY","General Elk License (OTC)","Any","General","Big Game","Annual","","","True","Over-the-counter general elk license; hunt area specific","https://wgfd.wyo.gov/licenses-applications/license-fee-list"
"WY","Limited Quota Elk License","Any","General","Big Game","Annual","","","True","Draw-only limited quota elk license; hunt area specific","https://wgfd.wyo.gov/licenses-applications/license-fee-list"
"WY","General Deer License (OTC)","Any","General","Big Game","Annual","","","True","Over-the-counter general deer license; hunt area specific","https://wgfd.wyo.gov/licenses-applications/license-fee-list"
"WY","Limited Quota Deer License","Any","General","Big Game","Annual","","","True","Draw-only limited quota deer license; hunt area specific","https://wgfd.wyo.gov/licenses-applications/license-fee-list"
"WY","Limited Quota Antelope License","Any","General","Big Game","Annual","","","True","Draw-only limited quota antelope license; hunt area specific","https://wgfd.wyo.gov/licenses-applications/license-fee-list"
"WY","Bird/Small Game License","Any","General","General Hunting","Annual","","","False","License for upland birds and small game","https://wgfd.wyo.gov/licenses-applications/license-fee-list"
"WY","Pioneer License (65+ 30-year resident)","Resident","Senior","General Hunting","Annual","","","False","Reduced-fee license for residents 65+ who have been residents for 30+ years","https://wgfd.wyo.gov/licenses-applications/license-fee-list"
"WY","Pioneer Heritage License","Resident","Senior","General Hunting","Annual","","","False","Heritage license for long-term senior residents","https://wgfd.wyo.gov/licenses-applications/license-fee-list"
"WY","Disabled Veteran License","Any","Veteran","General Hunting","Annual","","","False","Free or reduced-fee license for qualifying disabled veterans","https://wgfd.wyo.gov/licenses-applications/license-fee-list"
"WY","Youth Hunting License","Any","Youth","General Hunting","Annual","","","False","Reduced-fee hunting license for youth","https://wgfd.wyo.gov/licenses-applications/license-fee-list"
