state_abbrev,name,category,slug,is_system_value,target_species,hunting_method,instrument,first_year,last_year
,Other,activity_scope,universal-activityscope-other,True,,,,,
AK,General Hunting,activity_scope,ak-activityscope-general-hunting,True,,,,,
AK,Trapping/Furbearer,activity_scope,ak-activityscope-trapping-furbearer,True,,,,,
AL,Combo Hunt+Fish,activity_scope,al-activityscope-combo-huntfish,True,,,,,
AL,General Hunting,activity_scope,al-activityscope-general-hunting,True,,,,,
AL,Other,activity_scope,al-activityscope-other,True,,,,,
AR,Big Game,activity_scope,ar-activityscope-big-game,True,,,,,
AR,Combo Hunt+Fish,activity_scope,ar-activityscope-combo-huntfish,True,,,,,
AR,General Hunting,activity_scope,ar-activityscope-general-hunting,True,,,,,
AR,Other,activity_scope,ar-activityscope-other,True,,,,,
AZ,Combo Hunt+Fish,activity_scope,az-activityscope-combo-huntfish,True,,,,,
AZ,General Hunting,activity_scope,az-activityscope-general-hunting,True,,,,,
CA,General Hunting,activity_scope,ca-activityscope-general-hunting,True,,,,,
CO,Combo Hunt+Fish,activity_scope,co-activityscope-combo-huntfish,True,,,,,
CO,General Hunting,activity_scope,co-activityscope-general-hunting,True,,,,,
CT,Combo Hunt+Fish,activity_scope,ct-activityscope-combo-huntfish,True,,,,,
CT,General Hunting,activity_scope,ct-activityscope-general-hunting,True,,,,,
CT,Trapping/Furbearer,activity_scope,ct-activityscope-trapping-furbearer,True,,,,,
DE,General Hunting,activity_scope,de-activityscope-general-hunting,True,,,,,
DE,Other,activity_scope,de-activityscope-other,True,,,,,
DE,Trapping/Furbearer,activity_scope,de-activityscope-trapping-furbearer,True,,,,,
FL,Combo Hunt+Fish,activity_scope,fl-activityscope-combo-huntfish,True,,,,,
FL,General Hunting,activity_scope,fl-activityscope-general-hunting,True,,,,,
FL,Sportsman,activity_scope,fl-activityscope-sportsman,True,,,,,
FL,Trapping/Furbearer,activity_scope,fl-activityscope-trapping-furbearer,True,,,,,
GA,Combo Hunt+Fish,activity_scope,ga-activityscope-combo-huntfish,True,,,,,
GA,General Hunting,activity_scope,ga-activityscope-general-hunting,True,,,,,
GA,Sportsman,activity_scope,ga-activityscope-sportsman,True,,,,,
HI,General Hunting,activity_scope,hi-activityscope-general-hunting,True,,,,,
IA,Combo Hunt+Fish,activity_scope,ia-activityscope-combo-huntfish,True,,,,,
IA,General Hunting,activity_scope,ia-activityscope-general-hunting,True,,,,,
IA,Trapping/Furbearer,activity_scope,ia-activityscope-trapping-furbearer,True,,,,,
ID,Combo Hunt+Fish,activity_scope,id-activityscope-combo-huntfish,True,,,,,
ID,General Hunting,activity_scope,id-activityscope-general-hunting,True,,,,,
ID,Sportsman,activity_scope,id-activityscope-sportsman,True,,,,,
ID,Trapping/Furbearer,activity_scope,id-activityscope-trapping-furbearer,True,,,,,
IL,Combo Hunt+Fish,activity_scope,il-activityscope-combo-huntfish,True,,,,,
IL,General Hunting,activity_scope,il-activityscope-general-hunting,True,,,,,
IL,Trapping/Furbearer,activity_scope,il-activityscope-trapping-furbearer,True,,,,,
IN,Combo Hunt+Fish,activity_scope,in-activityscope-combo-huntfish,True,,,,,
IN,General Hunting,activity_scope,in-activityscope-general-hunting,True,,,,,
IN,Trapping/Furbearer,activity_scope,in-activityscope-trapping-furbearer,True,,,,,
KS,Combo Hunt+Fish,activity_scope,ks-activityscope-combo-huntfish,True,,,,,
KS,General Hunting,activity_scope,ks-activityscope-general-hunting,True,,,,,
KS,Trapping/Furbearer,activity_scope,ks-activityscope-trapping-furbearer,True,,,,,
KY,Combo Hunt+Fish,activity_scope,ky-activityscope-combo-huntfish,True,,,,,
KY,General Hunting,activity_scope,ky-activityscope-general-hunting,True,,,,,
KY,Sportsman,activity_scope,ky-activityscope-sportsman,True,,,,,
KY,Trapping/Furbearer,activity_scope,ky-activityscope-trapping-furbearer,True,,,,,
LA,Combo Hunt+Fish,activity_scope,la-activityscope-combo-huntfish,True,,,,,
LA,General Hunting,activity_scope,la-activityscope-general-hunting,True,,,,,
LA,Sportsman,activity_scope,la-activityscope-sportsman,True,,,,,
MA,Big Game,activity_scope,ma-activityscope-big-game,True,,,,,
MA,Combo Hunt+Fish,activity_scope,ma-activityscope-combo-huntfish,True,,,,,
MA,General Hunting,activity_scope,ma-activityscope-general-hunting,True,,,,,
MA,Trapping/Furbearer,activity_scope,ma-activityscope-trapping-furbearer,True,,,,,
MD,General Hunting,activity_scope,md-activityscope-general-hunting,True,,,,,
MD,Trapping/Furbearer,activity_scope,md-activityscope-trapping-furbearer,True,,,,,
MD,Waterfowl/Migratory,activity_scope,md-activityscope-waterfowl-migratory,True,,,,,
ME,Combo Hunt+Fish,activity_scope,me-activityscope-combo-huntfish,True,,,,,
ME,General Hunting,activity_scope,me-activityscope-general-hunting,True,,,,,
ME,Sportsman,activity_scope,me-activityscope-sportsman,True,,,,,
MI,Combo Hunt+Fish,activity_scope,mi-activityscope-combo-huntfish,True,,,,,
MI,General Hunting,activity_scope,mi-activityscope-general-hunting,True,,,,,
MI,Trapping/Furbearer,activity_scope,mi-activityscope-trapping-furbearer,True,,,,,
MN,Big Game,activity_scope,mn-activityscope-big-game,True,,,,,
MN,General Hunting,activity_scope,mn-activityscope-general-hunting,True,,,,,
MN,Sportsman,activity_scope,mn-activityscope-sportsman,True,,,,,
MN,Trapping/Furbearer,activity_scope,mn-activityscope-trapping-furbearer,True,,,,,
MO,Combo Hunt+Fish,activity_scope,mo-activityscope-combo-huntfish,True,,,,,
MO,General Hunting,activity_scope,mo-activityscope-general-hunting,True,,,,,
MS,Combo Hunt+Fish,activity_scope,ms-activityscope-combo-huntfish,True,,,,,
MS,General Hunting,activity_scope,ms-activityscope-general-hunting,True,,,,,
MS,Sportsman,activity_scope,ms-activityscope-sportsman,True,,,,,
MS,Trapping/Furbearer,activity_scope,ms-activityscope-trapping-furbearer,True,,,,,
MT,Big Game,activity_scope,mt-activityscope-big-game,True,,,,,
MT,General Hunting,activity_scope,mt-activityscope-general-hunting,True,,,,,
MT,Sportsman,activity_scope,mt-activityscope-sportsman,True,,,,,
NC,General Hunting,activity_scope,nc-activityscope-general-hunting,True,,,,,
NC,Other,activity_scope,nc-activityscope-other,True,,,,,
NC,Sportsman,activity_scope,nc-activityscope-sportsman,True,,,,,
NC,Trapping/Furbearer,activity_scope,nc-activityscope-trapping-furbearer,True,,,,,
ND,Combo Hunt+Fish,activity_scope,nd-activityscope-combo-huntfish,True,,,,,
ND,General Hunting,activity_scope,nd-activityscope-general-hunting,True,,,,,
ND,Other,activity_scope,nd-activityscope-other,True,,,,,
ND,Trapping/Furbearer,activity_scope,nd-activityscope-trapping-furbearer,True,,,,,
ND,Waterfowl/Migratory,activity_scope,nd-activityscope-waterfowl-migratory,True,,,,,
NE,Combo Hunt+Fish,activity_scope,ne-activityscope-combo-huntfish,True,,,,,
NE,General Hunting,activity_scope,ne-activityscope-general-hunting,True,,,,,
NH,Combo Hunt+Fish,activity_scope,nh-activityscope-combo-huntfish,True,,,,,
NH,General Hunting,activity_scope,nh-activityscope-general-hunting,True,,,,,
NJ,General Hunting,activity_scope,nj-activityscope-general-hunting,True,,,,,
NJ,Sportsman,activity_scope,nj-activityscope-sportsman,True,,,,,
NJ,Trapping/Furbearer,activity_scope,nj-activityscope-trapping-furbearer,True,,,,,
NM,Combo Hunt+Fish,activity_scope,nm-activityscope-combo-huntfish,True,,,,,
NM,General Hunting,activity_scope,nm-activityscope-general-hunting,True,,,,,
NM,Trapping/Furbearer,activity_scope,nm-activityscope-trapping-furbearer,True,,,,,
NV,Combo Hunt+Fish,activity_scope,nv-activityscope-combo-huntfish,True,,,,,
NV,General Hunting,activity_scope,nv-activityscope-general-hunting,True,,,,,
NY,General Hunting,activity_scope,ny-activityscope-general-hunting,True,,,,,
NY,Sportsman,activity_scope,ny-activityscope-sportsman,True,,,,,
OH,General Hunting,activity_scope,oh-activityscope-general-hunting,True,,,,,
OK,Combo Hunt+Fish,activity_scope,ok-activityscope-combo-huntfish,True,,,,,
OK,General Hunting,activity_scope,ok-activityscope-general-hunting,True,,,,,
OK,Sportsman,activity_scope,ok-activityscope-sportsman,True,,,,,
OR,Combo Hunt+Fish,activity_scope,or-activityscope-combo-huntfish,True,,,,,
OR,General Hunting,activity_scope,or-activityscope-general-hunting,True,,,,,
OR,Sportsman,activity_scope,or-activityscope-sportsman,True,,,,,
OR,Trapping/Furbearer,activity_scope,or-activityscope-trapping-furbearer,True,,,,,
PA,Combo Hunt+Fish,activity_scope,pa-activityscope-combo-huntfish,True,,,,,
PA,General Hunting,activity_scope,pa-activityscope-general-hunting,True,,,,,
PA,Trapping/Furbearer,activity_scope,pa-activityscope-trapping-furbearer,True,,,,,
RI,Combo Hunt+Fish,activity_scope,ri-activityscope-combo-huntfish,True,,,,,
RI,General Hunting,activity_scope,ri-activityscope-general-hunting,True,,,,,
RI,Trapping/Furbearer,activity_scope,ri-activityscope-trapping-furbearer,True,,,,,
SC,Combo Hunt+Fish,activity_scope,sc-activityscope-combo-huntfish,True,,,,,
SC,General Hunting,activity_scope,sc-activityscope-general-hunting,True,,,,,
SC,Sportsman,activity_scope,sc-activityscope-sportsman,True,,,,,
SD,Combo Hunt+Fish,activity_scope,sd-activityscope-combo-huntfish,True,,,,,
SD,General Hunting,activity_scope,sd-activityscope-general-hunting,True,,,,,
SD,Trapping/Furbearer,activity_scope,sd-activityscope-trapping-furbearer,True,,,,,
TN,Combo Hunt+Fish,activity_scope,tn-activityscope-combo-huntfish,True,,,,,
TN,General Hunting,activity_scope,tn-activityscope-general-hunting,True,,,,,
TN,Sportsman,activity_scope,tn-activityscope-sportsman,True,,,,,
TX,General Hunting,activity_scope,tx-activityscope-general-hunting,True,,,,,
TX,Sportsman,activity_scope,tx-activityscope-sportsman,True,,,,,
TX,Trapping/Furbearer,activity_scope,tx-activityscope-trapping-furbearer,True,,,,,
UT,Combo Hunt+Fish,activity_scope,ut-activityscope-combo-huntfish,True,,,,,
UT,General Hunting,activity_scope,ut-activityscope-general-hunting,True,,,,,
VA,Combo Hunt+Fish,activity_scope,va-activityscope-combo-huntfish,True,,,,,
VA,General Hunting,activity_scope,va-activityscope-general-hunting,True,,,,,
VA,Other,activity_scope,va-activityscope-other,True,,,,,
VA,Sportsman,activity_scope,va-activityscope-sportsman,True,,,,,
VA,Trapping/Furbearer,activity_scope,va-activityscope-trapping-furbearer,True,,,,,
VT,Combo Hunt+Fish,activity_scope,vt-activityscope-combo-huntfish,True,,,,,
VT,General Hunting,activity_scope,vt-activityscope-general-hunting,True,,,,,
VT,Trapping/Furbearer,activity_scope,vt-activityscope-trapping-furbearer,True,,,,,
WA,Big Game,activity_scope,wa-activityscope-big-game,True,,,,,
WA,General Hunting,activity_scope,wa-activityscope-general-hunting,True,,,,,
WA,Sportsman,activity_scope,wa-activityscope-sportsman,True,,,,,
WI,Big Game,activity_scope,wi-activityscope-big-game,True,,,,,
WI,Combo Hunt+Fish,activity_scope,wi-activityscope-combo-huntfish,True,,,,,
WI,General Hunting,activity_scope,wi-activityscope-general-hunting,True,,,,,
WI,Sportsman,activity_scope,wi-activityscope-sportsman,True,,,,,
WI,Trapping/Furbearer,activity_scope,wi-activityscope-trapping-furbearer,True,,,,,
WV,Big Game,activity_scope,wv-activityscope-big-game,True,,,,,
WV,Combo Hunt+Fish,activity_scope,wv-activityscope-combo-huntfish,True,,,,,
WV,General Hunting,activity_scope,wv-activityscope-general-hunting,True,,,,,
WV,Sportsman,activity_scope,wv-activityscope-sportsman,True,,,,,
WY,Big Game,activity_scope,wy-activityscope-big-game,True,,,,,
WY,General Hunting,activity_scope,wy-activityscope-general-hunting,True,,,,,
,Other,addon_type,universal-addontype-other,True,,,,,
AK,Alaska State Waterfowl Stamp,addon_type,ak-addontype-alaska-state-waterfowl-stamp,True,Waterfowl,,stamp,1985,
AK,Big Game Locking Tag,addon_type,ak-addontype-big-game-locking-tag,True,Multiple,,tag,,
AK,Drawing Permit,addon_type,ak-addontype-drawing-permit,True,Multiple,,permit,,
AK,Harvest Ticket,addon_type,ak-addontype-harvest-ticket,True,Multiple,,certification,,
AK,Registration Permit,addon_type,ak-addontype-registration-permit,True,Multiple,,permit,,
AK,Tier I Subsistence Permit,addon_type,ak-addontype-tier-i-subsistence-permit,True,Multiple,,permit,,
AK,Tier II Subsistence Permit,addon_type,ak-addontype-tier-ii-subsistence-permit,True,Multiple,,permit,,
AL,Alabama State Duck Stamp,addon_type,al-addontype-alabama-state-duck-stamp,True,Waterfowl,,stamp,1979,
AL,Baiting Privilege License,addon_type,al-addontype-baiting-privilege-license,True,Multiple,,license,,
AL,H.I.P. Certification,addon_type,al-addontype-hip-certification,True,Migratory Birds,,certification,1998,
AL,Harvest Record (Deer and Turkey),addon_type,al-addontype-harvest-record-deer-and-turkey,True,Multiple,,certification,,
AL,Nighttime Feral Swine and Coyote Hunting License,addon_type,al-addontype-nighttime-feral-swine-and-coyote-hunting-license,True,Coyote,,license,,
AL,Wildlife Heritage License,addon_type,al-addontype-wildlife-heritage-license,True,,,fee,,
AL,Wildlife Management Area License,addon_type,al-addontype-wildlife-management-area-license,True,,,permit,,
AR,AGFC-Owned WMA/Lake Conservation Permit (WMC),addon_type,ar-addontype-agfc-owned-wma-lake-conservation-permit-wmc,True,,,permit,2026,
AR,Arkansas Waterfowl Stamp - Nonresident (DSN),addon_type,ar-addontype-arkansas-waterfowl-stamp-nonresident-dsn,True,Waterfowl,,stamp,1981,
AR,Arkansas Waterfowl Stamp - Resident (DSR),addon_type,ar-addontype-arkansas-waterfowl-stamp-resident-dsr,True,Waterfowl,,stamp,1981,
AR,Deferred Hunter Education License (DHE),addon_type,ar-addontype-deferred-hunter-education-license-dhe,True,,,license,,
AR,Harvest Information Program Registration (HIP),addon_type,ar-addontype-harvest-information-program-registration-hip,True,Migratory Birds,,certification,1998,
AR,Leased Lands Permit (LLP),addon_type,ar-addontype-leased-lands-permit-llp,True,,,permit,,
AR,Nonresident 3-day WMA Waterfowl Permit (NW3),addon_type,ar-addontype-nonresident-3-day-wma-waterfowl-permit-nw3,True,Waterfowl,,permit,,
AR,Nonresident 30-day WMA Waterfowl Permit (NW30),addon_type,ar-addontype-nonresident-30-day-wma-waterfowl-permit-nw30,True,Waterfowl,,permit,,
AR,Nonresident Alligator Permit (NRG),addon_type,ar-addontype-nonresident-alligator-permit-nrg,True,Alligator,,permit,,
AR,Nonresident Bear Permit (NRB),addon_type,ar-addontype-nonresident-bear-permit-nrb,True,Bear,,permit,,
AR,Nonresident Elk Permit (NRE),addon_type,ar-addontype-nonresident-elk-permit-nre,True,Elk,,permit,,
AR,Nonresident Fur Trapper's Permit (NFT),addon_type,ar-addontype-nonresident-fur-trappers-permit-nft,True,Furbearer,,permit,,
AR,Nonresident Hunting Dog Owner's Permit (NDP),addon_type,ar-addontype-nonresident-hunting-dog-owners-permit-ndp,True,Deer,,permit,,
AR,Nonresident Turkey Tag (NRTT),addon_type,ar-addontype-nonresident-turkey-tag-nrtt,True,Turkey,,tag,,
AR,Nonresident Youth Deer Tag (YDTN),addon_type,ar-addontype-nonresident-youth-deer-tag-ydtn,True,Deer,,tag,,
AR,Resident Youth Game Tags (YGT),addon_type,ar-addontype-resident-youth-game-tags-ygt,True,Multiple,,tag,,
AZ,Arizona Migratory Bird Stamp,addon_type,az-addontype-arizona-migratory-bird-stamp,True,Migratory Birds,,stamp,1987,
AZ,Big Game Hunt Permit-Tag,addon_type,az-addontype-big-game-hunt-permit-tag,True,Multiple,,tag,,
AZ,Special Use Stamp,addon_type,az-addontype-special-use-stamp,True,,,stamp,,
CA,California Duck Validation,addon_type,ca-addontype-california-duck-validation,True,Waterfowl,,stamp,1971,
CA,Collector Duck Stamp,addon_type,ca-addontype-collector-duck-stamp,True,Waterfowl,,stamp,1971,
CA,Collector Upland Game Bird Stamp,addon_type,ca-addontype-collector-upland-game-bird-stamp,True,Multiple,,stamp,,
CA,First Deer Tag,addon_type,ca-addontype-first-deer-tag,True,Deer,,tag,,
CA,Second Deer Tag,addon_type,ca-addontype-second-deer-tag,True,Deer,,tag,,
CA,Type A Wildlife Area Season Pass,addon_type,ca-addontype-type-a-wildlife-area-season-pass,True,,,permit,,
CA,Upland Game Bird Validation,addon_type,ca-addontype-upland-game-bird-validation,True,Multiple,,stamp,,
CA,Waterfowl Reservation Application,addon_type,ca-addontype-waterfowl-reservation-application,True,Waterfowl,,permit,,
CA,Wild Pig Validation,addon_type,ca-addontype-wild-pig-validation,True,Wild Pig,,stamp,,
CO,Bear Tag,addon_type,co-addontype-bear-tag,True,Bear,,tag,,
CO,Bighorn Sheep Tag,addon_type,co-addontype-bighorn-sheep-tag,True,Bighorn Sheep,,tag,,
CO,Bison Tag,addon_type,co-addontype-bison-tag,True,Bison,,tag,,
CO,Colorado Waterfowl Stamp,addon_type,co-addontype-colorado-waterfowl-stamp,True,Duck,,stamp,1990,
CO,Deer Tag,addon_type,co-addontype-deer-tag,True,Deer,,tag,,
CO,Elk Tag,addon_type,co-addontype-elk-tag,True,Elk,,tag,,
CO,Furbearer License,addon_type,co-addontype-furbearer-license,True,Multiple,,permit,,
CO,Habitat Stamp,addon_type,co-addontype-habitat-stamp,True,,,fee,,
CO,Moose Tag,addon_type,co-addontype-moose-tag,True,Moose,,tag,,
CO,Mountain Goat Tag,addon_type,co-addontype-mountain-goat-tag,True,Mountain Goat,,tag,,
CO,Mountain Lion Tag,addon_type,co-addontype-mountain-lion-tag,True,Mountain Lion,,tag,,
CO,Pronghorn Tag,addon_type,co-addontype-pronghorn-tag,True,Pronghorn,,tag,,
CO,Turkey Tag,addon_type,co-addontype-turkey-tag,True,Turkey,,tag,,
CT,Connecticut Migratory Bird Conservation Stamp,addon_type,ct-addontype-connecticut-migratory-bird-conservation-stamp,True,Migratory Birds,,stamp,1993,
CT,Free Tribal Member Deer Permit,addon_type,ct-addontype-free-tribal-member-deer-permit,True,Deer,,permit,,
CT,Landowner Deer Permit,addon_type,ct-addontype-landowner-deer-permit,True,Deer,,permit,,
CT,Private Land Muzzleloader Deer Permit,addon_type,ct-addontype-private-land-muzzleloader-deer-permit,True,Deer,Muzzleloader,permit,,
CT,Private Land Shotgun/Rifle/Revolver Deer Permit,addon_type,ct-addontype-private-land-shotgun-rifle-revolver-deer-permit,True,Deer,Firearm,permit,,
CT,Resident Game Bird Conservation Stamp,addon_type,ct-addontype-resident-game-bird-conservation-stamp,True,Multiple,,stamp,,
CT,Revolver Deer Endorsement,addon_type,ct-addontype-revolver-deer-endorsement,True,Deer,Firearm,permit,,
CT,Small Game and Deer Archery Permit,addon_type,ct-addontype-small-game-and-deer-archery-permit,True,Multiple,Archery,permit,,
CT,Snapping Turtle Trapping Endorsement,addon_type,ct-addontype-snapping-turtle-trapping-endorsement,True,Snapping Turtle,,permit,,
CT,State Land Lottery A Season Deer Permit,addon_type,ct-addontype-state-land-lottery-a-season-deer-permit,True,Deer,Firearm,permit,,
CT,State Land Lottery Regular Season Deer Permit,addon_type,ct-addontype-state-land-lottery-regular-season-deer-permit,True,Deer,Firearm,permit,,
CT,State Land Muzzleloader Deer Permit,addon_type,ct-addontype-state-land-muzzleloader-deer-permit,True,Deer,Muzzleloader,permit,,
CT,State Land No-Lottery Season Deer Permit,addon_type,ct-addontype-state-land-no-lottery-season-deer-permit,True,Deer,Firearm,permit,,
DE,Additional Antlerless Deer Tag,addon_type,de-addontype-additional-antlerless-deer-tag,True,Antlerless Deer,,tag,,
DE,Conservation Access Pass (CAP),addon_type,de-addontype-conservation-access-pass-cap,True,,,permit,,
DE,Delaware H.I.P. Permit,addon_type,de-addontype-delaware-hip-permit,True,Migratory Birds,,certification,1997,
DE,Delaware Waterfowl Stamp,addon_type,de-addontype-delaware-waterfowl-stamp,True,Waterfowl,,stamp,1980,
DE,Hunters Choice/Quality Buck Tag Combo,addon_type,de-addontype-hunters-choice-quality-buck-tag-combo,True,Deer,,tag,,
DE,Non-Resident Antlered Deer Tag,addon_type,de-addontype-non-resident-antlered-deer-tag,True,Antlered Deer,,tag,,
DE,Non-Resident Quality Buck Tag,addon_type,de-addontype-non-resident-quality-buck-tag,True,Deer,,tag,,
DE,Tundra Swan Permit,addon_type,de-addontype-tundra-swan-permit,True,Waterfowl,,permit,,
DE,Wildlife Area Deer Stand/Waterfowl Blind Lottery Permit,addon_type,de-addontype-wildlife-area-deer-stand-waterfowl-blind-lottery-permit,True,Multiple,,permit,,
FD,Federal Duck Stamp,addon_type,fd-addontype-federal-duck-stamp,True,Waterfowl,,stamp,1934,
FD,HIP Certification (Harvest Information Program),addon_type,fd-addontype-hip-certification-harvest-information-program,True,Migratory Birds,,certification,1998,
FL,Archery Season Permit,addon_type,fl-addontype-archery-season-permit,True,Multiple,Archery,permit,,
FL,Crossbow Season Permit,addon_type,fl-addontype-crossbow-season-permit,True,Multiple,Crossbow,permit,,
FL,Deer Dog Registration,addon_type,fl-addontype-deer-dog-registration,True,Deer,,permit,,
FL,Deer Permit,addon_type,fl-addontype-deer-permit,True,Deer,,permit,,
FL,Florida Waterfowl Permit,addon_type,fl-addontype-florida-waterfowl-permit,True,Waterfowl,,permit,1979,
FL,Management Area Permit,addon_type,fl-addontype-management-area-permit,True,,,permit,,
FL,Migratory Bird Permit,addon_type,fl-addontype-migratory-bird-permit,True,Migratory Birds,,permit,,
FL,Muzzleloading Gun Season Permit,addon_type,fl-addontype-muzzleloading-gun-season-permit,True,Multiple,Muzzleloader,permit,,
FL,Private Lands Antlerless Deer Permit,addon_type,fl-addontype-private-lands-antlerless-deer-permit,True,Antlerless Deer,,permit,,
FL,Turkey Permit,addon_type,fl-addontype-turkey-permit,True,Turkey,,permit,,
FL,WMA Deer-Dog Permit,addon_type,fl-addontype-wma-deer-dog-permit,True,Deer,,permit,,
GA,Alligator Harvest Permit,addon_type,ga-addontype-alligator-harvest-permit,True,Alligator,,permit,,
GA,Big Game License (deer/turkey/bear),addon_type,ga-addontype-big-game-license-deer-turkey-bear,True,Multiple,,license,,
GA,GA Waterfowl and Migratory Bird License,addon_type,ga-addontype-ga-waterfowl-and-migratory-bird-license,True,Duck,,stamp,,
GA,Harvest Record,addon_type,ga-addontype-harvest-record,True,Multiple,,certification,,
GA,Lands Pass (WMA Access),addon_type,ga-addontype-lands-pass-wma-access,True,,,permit,,
HI,Axis Deer Tag,addon_type,hi-addontype-axis-deer-tag,True,Deer,,tag,,
HI,Game Bird Stamp,addon_type,hi-addontype-game-bird-stamp,True,Multiple,,stamp,,
HI,Hawaii State Waterfowl Stamp,addon_type,hi-addontype-hawaii-state-waterfowl-stamp,True,Waterfowl,,stamp,1996,
HI,Hawaii Wildlife Conservation Stamp,addon_type,hi-addontype-hawaii-wildlife-conservation-stamp,True,Multiple,,stamp,,
HI,Non-resident Letter of Exemption,addon_type,hi-addontype-non-resident-letter-of-exemption,True,,,permit,,
IA,Antlerless Deer Tag (County Quota),addon_type,ia-addontype-antlerless-deer-tag-county-quota,True,Deer,,tag,,
IA,Deer Tag (Any-Sex County-Specific),addon_type,ia-addontype-deer-tag-any-sex-county-specific,True,Deer,,tag,,
IA,Habitat Fee,addon_type,ia-addontype-habitat-fee,True,,,fee,,
IA,IA Migratory Game Bird Fee,addon_type,ia-addontype-ia-migratory-game-bird-fee,True,Multiple,,fee,,
IA,Turkey Tag (Zone/Season),addon_type,ia-addontype-turkey-tag-zone-season,True,Turkey,,tag,,
ID,Archery Permit,addon_type,id-addontype-archery-permit,True,Multiple,Archery,permit,,
ID,Controlled Hunt Application,addon_type,id-addontype-controlled-hunt-application,True,Multiple,,permit,,
ID,Deer Tag,addon_type,id-addontype-deer-tag,True,Deer,,tag,,
ID,Elk Tag,addon_type,id-addontype-elk-tag,True,Elk,,tag,,
ID,Idaho Waterfowl Stamp,addon_type,id-addontype-idaho-waterfowl-stamp,True,Waterfowl,,stamp,1987,
ID,Muzzleloader Permit,addon_type,id-addontype-muzzleloader-permit,True,Multiple,Muzzleloader,permit,,
IL,Antlerless Deer Permit,addon_type,il-addontype-antlerless-deer-permit,True,Deer,,permit,,
IL,Archery Deer Permit,addon_type,il-addontype-archery-deer-permit,True,Deer,Archery,permit,,
IL,Combination Deer Permit,addon_type,il-addontype-combination-deer-permit,True,Deer,,permit,,
IL,Fall Turkey Permit,addon_type,il-addontype-fall-turkey-permit,True,Turkey,,permit,,
IL,Firearm Deer Permit,addon_type,il-addontype-firearm-deer-permit,True,Deer,Firearm,permit,,
IL,IL Migratory Waterfowl Stamp,addon_type,il-addontype-il-migratory-waterfowl-stamp,True,Duck,,stamp,1975,
IL,Muzzleloader Deer Permit,addon_type,il-addontype-muzzleloader-deer-permit,True,Deer,Muzzleloader,permit,,
IL,Spring Turkey Permit,addon_type,il-addontype-spring-turkey-permit,True,Turkey,,permit,,
IL,State Habitat Stamp,addon_type,il-addontype-state-habitat-stamp,True,,,stamp,,
IN,Antlerless Deer Permit,addon_type,in-addontype-antlerless-deer-permit,True,Deer,,permit,,
IN,Bobcat License,addon_type,in-addontype-bobcat-license,True,Bobcat,,permit,,
IN,Deer Archery Permit,addon_type,in-addontype-deer-archery-permit,True,Deer,Archery,permit,,
IN,Deer Firearm Permit,addon_type,in-addontype-deer-firearm-permit,True,Deer,Firearm,permit,,
IN,Deer Muzzleloader Permit,addon_type,in-addontype-deer-muzzleloader-permit,True,Deer,Muzzleloader,permit,,
IN,Fall Turkey Permit,addon_type,in-addontype-fall-turkey-permit,True,Turkey,,permit,,
IN,Game Bird Habitat Stamp,addon_type,in-addontype-game-bird-habitat-stamp,True,,,fee,,
IN,Spring Turkey Permit,addon_type,in-addontype-spring-turkey-permit,True,Turkey,,permit,,
IN,Waterfowl Stamp Privilege,addon_type,in-addontype-waterfowl-stamp-privilege,True,Duck,,stamp,1976,
KS,Antelope Tag,addon_type,ks-addontype-antelope-tag,True,Pronghorn,,tag,,
KS,Antlerless Whitetail Tag,addon_type,ks-addontype-antlerless-whitetail-tag,True,Deer,,tag,,
KS,Deer Archery Tag,addon_type,ks-addontype-deer-archery-tag,True,Deer,Archery,tag,,
KS,Deer Firearm Tag,addon_type,ks-addontype-deer-firearm-tag,True,Deer,Firearm,tag,,
KS,Elk Tag,addon_type,ks-addontype-elk-tag,True,Elk,,tag,,
KS,Fall Turkey Tag,addon_type,ks-addontype-fall-turkey-tag,True,Turkey,,tag,,
KS,KS Waterfowl Stamp,addon_type,ks-addontype-ks-waterfowl-stamp,True,Duck,,stamp,1987,
KS,Mule Deer Stamp,addon_type,ks-addontype-mule-deer-stamp,True,Deer,,stamp,,
KS,Sandhill Crane Permit,addon_type,ks-addontype-sandhill-crane-permit,True,Sandhill Crane,,permit,,
KS,Spring Turkey Tag,addon_type,ks-addontype-spring-turkey-tag,True,Turkey,,tag,,
KY,Bear Permit,addon_type,ky-addontype-bear-permit,True,Bear,,permit,,
KY,Bonus Deer Permit,addon_type,ky-addontype-bonus-deer-permit,True,Deer,,permit,,
KY,Deer Permit,addon_type,ky-addontype-deer-permit,True,Deer,,permit,,
KY,Elk Permit,addon_type,ky-addontype-elk-permit,True,Elk,,permit,,
KY,Fall Turkey Permit,addon_type,ky-addontype-fall-turkey-permit,True,Turkey,,permit,,
KY,Migratory Game Bird / Waterfowl Permit,addon_type,ky-addontype-migratory-game-bird-waterfowl-permit,True,Duck,,permit,,
KY,Spring Turkey Permit,addon_type,ky-addontype-spring-turkey-permit,True,Turkey,,permit,,
LA,Bow Hunting License,addon_type,la-addontype-bow-hunting-license,True,Multiple,Archery,license,,
LA,Louisiana Deer Hunting License,addon_type,la-addontype-louisiana-deer-hunting-license,True,Deer,,license,,
LA,Louisiana Duck (Waterfowl) License,addon_type,la-addontype-louisiana-duck-waterfowl-license,True,Waterfowl,,license,1989,
LA,Louisiana HIP Certification,addon_type,la-addontype-louisiana-hip-certification,True,Migratory Birds,,certification,1998,
LA,Louisiana Wild Turkey License,addon_type,la-addontype-louisiana-wild-turkey-license,True,Turkey,,license,,
LA,Primitive Firearm License,addon_type,la-addontype-primitive-firearm-license,True,Deer,Muzzleloader,license,,
LA,WMA Access Permit,addon_type,la-addontype-wma-access-permit,True,,,permit,,
LA,WMA Camping Permit,addon_type,la-addontype-wma-camping-permit,True,,,permit,,
MA,Antlerless Deer Permit,addon_type,ma-addontype-antlerless-deer-permit,True,Antlerless Deer,,permit,,
MA,Archery Deer Season Stamp,addon_type,ma-addontype-archery-deer-season-stamp,True,Deer,Archery,stamp,,
MA,Bear Permit,addon_type,ma-addontype-bear-permit,True,Bear,,permit,,
MA,Massachusetts Waterfowl Stamp,addon_type,ma-addontype-massachusetts-waterfowl-stamp,True,Waterfowl,,stamp,1974,
MA,Non-resident Fur Buyer Permit,addon_type,ma-addontype-non-resident-fur-buyer-permit,True,Furbearer,,permit,,
MA,Pheasant/Quail Permit,addon_type,ma-addontype-pheasant-quail-permit,True,Pheasant,,permit,,
MA,Primitive Firearms Deer Season Stamp,addon_type,ma-addontype-primitive-firearms-deer-season-stamp,True,Deer,Muzzleloader,stamp,,
MA,Resident Fur Buyer Permit,addon_type,ma-addontype-resident-fur-buyer-permit,True,Furbearer,,permit,,
MA,Turkey Permit,addon_type,ma-addontype-turkey-permit,True,Turkey,,permit,,
MA,Wildlands Conservation Stamp,addon_type,ma-addontype-wildlands-conservation-stamp,True,,,stamp,,
MD,Archery Stamp,addon_type,md-addontype-archery-stamp,True,Deer,Archery,stamp,,
MD,Black Bear Hunting Permit,addon_type,md-addontype-black-bear-hunting-permit,True,Bear,,permit,2004,
MD,Bonus Antlered Deer Stamp,addon_type,md-addontype-bonus-antlered-deer-stamp,True,Antlered Deer,,stamp,,
MD,Deer Tag,addon_type,md-addontype-deer-tag,True,Deer,,tag,,
MD,Furbearer Permit,addon_type,md-addontype-furbearer-permit,True,Furbearer,,permit,,
MD,MD Migratory Game Bird Stamp,addon_type,md-addontype-md-migratory-game-bird-stamp,True,Migratory Birds,,stamp,1974,2024
MD,Muzzleloader Stamp,addon_type,md-addontype-muzzleloader-stamp,True,Deer,Muzzleloader,stamp,,
MD,Sika Deer Stamp,addon_type,md-addontype-sika-deer-stamp,True,Sika Deer,,stamp,,
MD,Snow Goose Conservation Order Permit,addon_type,md-addontype-snow-goose-conservation-order-permit,True,Snow Goose,,permit,2009,
MD,Turkey Tag,addon_type,md-addontype-turkey-tag,True,Turkey,,tag,,
ME,Antlerless Deer Permit (Lottery),addon_type,me-addontype-antlerless-deer-permit-lottery,True,Deer,,permit,,
ME,Bear Permit,addon_type,me-addontype-bear-permit,True,Bear,,permit,,
ME,Coyote Night Hunt Permit,addon_type,me-addontype-coyote-night-hunt-permit,True,Coyote,,permit,,
ME,Crossbow Permit,addon_type,me-addontype-crossbow-permit,True,Deer,Archery,permit,,
ME,Expanded Archery Antlerless Deer Permit,addon_type,me-addontype-expanded-archery-antlerless-deer-permit,True,Deer,Archery,permit,,
ME,Fall Turkey Permit,addon_type,me-addontype-fall-turkey-permit,True,Turkey,,permit,,
ME,ME Migratory Waterfowl Permit,addon_type,me-addontype-me-migratory-waterfowl-permit,True,Duck,,permit,1984,
ME,Moose Permit (Auction),addon_type,me-addontype-moose-permit-auction,True,Moose,,permit,,
ME,Moose Permit (Lottery),addon_type,me-addontype-moose-permit-lottery,True,Moose,,permit,,
ME,Muzzleloader Permit,addon_type,me-addontype-muzzleloader-permit,True,Deer,Muzzleloader,permit,,
ME,Pheasant Hunting Authority,addon_type,me-addontype-pheasant-hunting-authority,True,Pheasant,,permit,,
ME,Spring Turkey Permit,addon_type,me-addontype-spring-turkey-permit,True,Turkey,,permit,,
MI,Antlerless Deer License,addon_type,mi-addontype-antlerless-deer-license,True,Deer,,permit,,
MI,Bear License,addon_type,mi-addontype-bear-license,True,Bear,,permit,,
MI,DMAP Antlerless Tags,addon_type,mi-addontype-dmap-antlerless-tags,True,Deer,,tag,,
MI,Deer Combo License,addon_type,mi-addontype-deer-combo-license,True,Deer,,permit,,
MI,Deer License (Firearm),addon_type,mi-addontype-deer-license-firearm,True,Deer,Firearm,license,,
MI,Elk License (Lottery),addon_type,mi-addontype-elk-license-lottery,True,Elk,,permit,,
MI,Fall Turkey License,addon_type,mi-addontype-fall-turkey-license,True,Turkey,,permit,,
MI,Spring Turkey License,addon_type,mi-addontype-spring-turkey-license,True,Turkey,,permit,,
MI,Waterfowl License,addon_type,mi-addontype-waterfowl-license,True,Duck,,permit,1976,
MN,Antlerless Deer Bonus Tag,addon_type,mn-addontype-antlerless-deer-bonus-tag,True,Deer,,tag,,
MN,Apprentice Hunter Validation,addon_type,mn-addontype-apprentice-hunter-validation,True,,,,,
MN,Bear License,addon_type,mn-addontype-bear-license,True,Bear,,permit,,
MN,Elk License (Lottery),addon_type,mn-addontype-elk-license-lottery,True,Elk,,permit,,
MN,Pheasant Stamp,addon_type,mn-addontype-pheasant-stamp,True,Pheasant,,stamp,,
MN,Turkey License,addon_type,mn-addontype-turkey-license,True,Turkey,,permit,,
MN,Waterfowl Stamp,addon_type,mn-addontype-waterfowl-stamp,True,Duck,,stamp,1977,
MO,Antlerless Deer Permit (County-Specific),addon_type,mo-addontype-antlerless-deer-permit-county-specific,True,Deer,,permit,,
MO,Archery Hunting Permit,addon_type,mo-addontype-archery-hunting-permit,True,Deer,Archery,permit,,
MO,Black Bear Permit,addon_type,mo-addontype-black-bear-permit,True,Bear,,permit,,
MO,Conservation Order Permit,addon_type,mo-addontype-conservation-order-permit,True,Goose,,permit,,
MO,Deer Firearms Any-Deer Permit,addon_type,mo-addontype-deer-firearms-any-deer-permit,True,Deer,Firearm,permit,,
MO,Elk Permit,addon_type,mo-addontype-elk-permit,True,Elk,,permit,,
MO,Fall Turkey Permit,addon_type,mo-addontype-fall-turkey-permit,True,Turkey,,permit,,
MO,Furbearer Permit,addon_type,mo-addontype-furbearer-permit,True,Multiple,,permit,,
MO,Migratory Bird Permit,addon_type,mo-addontype-migratory-bird-permit,True,Duck,,permit,,
MO,Spring Turkey Permit,addon_type,mo-addontype-spring-turkey-permit,True,Turkey,,permit,,
MS,Archery/Primitive Weapon/Crossbow Permit,addon_type,ms-addontype-archery-primitive-weapon-crossbow-permit,True,Multiple,Archery,permit,,
MS,Electronic State Waterfowl Stamp,addon_type,ms-addontype-electronic-state-waterfowl-stamp,True,Waterfowl,,stamp,1976,
MS,Fur Dealer License,addon_type,ms-addontype-fur-dealer-license,True,Furbearer,,license,,
MS,Non-Resident Deer Permit,addon_type,ms-addontype-non-resident-deer-permit,True,Deer,,permit,,
MS,Non-Resident Spring Turkey Permit,addon_type,ms-addontype-non-resident-spring-turkey-permit,True,Turkey,,permit,,
MS,North MS NWR Permit,addon_type,ms-addontype-north-ms-nwr-permit,True,,,permit,,
MS,Spring Turkey Harvest Record,addon_type,ms-addontype-spring-turkey-harvest-record,True,Turkey,,certification,,
MS,Velvet Season Permit,addon_type,ms-addontype-velvet-season-permit,True,Deer,,permit,,
MS,Wildlife Management Area User Permit,addon_type,ms-addontype-wildlife-management-area-user-permit,True,,,permit,,
MT,Bear License,addon_type,mt-addontype-bear-license,True,Bear,,permit,,
MT,Bighorn Sheep License,addon_type,mt-addontype-bighorn-sheep-license,True,Bighorn Sheep,,permit,,
MT,Bison License,addon_type,mt-addontype-bison-license,True,Bison,,permit,,
MT,Bow and Arrow License,addon_type,mt-addontype-bow-and-arrow-license,True,,Archery,permit,,
MT,Migratory Bird License,addon_type,mt-addontype-migratory-bird-license,True,Duck,,permit,,
MT,Moose License,addon_type,mt-addontype-moose-license,True,Moose,,permit,,
MT,Mountain Goat License,addon_type,mt-addontype-mountain-goat-license,True,Mountain Goat,,permit,,
MT,Wolf License,addon_type,mt-addontype-wolf-license,True,Wolf,,permit,,
NC,Bear Management E-Stamp,addon_type,nc-addontype-bear-management-e-stamp,True,Bear,,stamp,,
NC,Big Game Privilege (deer/turkey/bear),addon_type,nc-addontype-big-game-privilege-deer-turkey-bear,True,Multiple,,permit,,
NC,Bonus Antlerless Deer Tags,addon_type,nc-addontype-bonus-antlerless-deer-tags,True,Deer,Archery,tag,,
NC,NC Waterfowl Privilege (State Duck Stamp),addon_type,nc-addontype-nc-waterfowl-privilege-state-duck-stamp,True,Duck,,stamp,1983,
ND,Any-Deer Bow License,addon_type,nd-addontype-any-deer-bow-license,True,Deer,Archery,license,,
ND,Deer Gun License (Lottery),addon_type,nd-addontype-deer-gun-license-lottery,True,Deer,Firearm,license,,
ND,North Dakota State Waterfowl Stamp,addon_type,nd-addontype-north-dakota-state-waterfowl-stamp,True,Waterfowl,,stamp,1982,
ND,Statewide Any-Deer License,addon_type,nd-addontype-statewide-any-deer-license,True,Deer,,license,,
ND,Tundra Swan License,addon_type,nd-addontype-tundra-swan-license,True,Waterfowl,,license,,
ND,Waterfowl Habitat Restoration Stamp,addon_type,nd-addontype-waterfowl-habitat-restoration-stamp,True,Waterfowl,,stamp,1982,
NE,Antelope Permit,addon_type,ne-addontype-antelope-permit,True,Pronghorn,,permit,,
NE,Bighorn Sheep Permit,addon_type,ne-addontype-bighorn-sheep-permit,True,Bighorn Sheep,,permit,,
NE,Deer Permit,addon_type,ne-addontype-deer-permit,True,Deer,,permit,,
NE,Elk Permit,addon_type,ne-addontype-elk-permit,True,Elk,,permit,,
NE,Nebraska Habitat Stamp,addon_type,ne-addontype-nebraska-habitat-stamp,True,,,fee,,
NE,Nebraska State Waterfowl Stamp,addon_type,ne-addontype-nebraska-state-waterfowl-stamp,True,Waterfowl,,stamp,1991,
NE,Nebraska Waterfowl Stamp,addon_type,ne-addontype-nebraska-waterfowl-stamp,True,Waterfowl,,stamp,1991,
NE,Super Tag Lottery Entry,addon_type,ne-addontype-super-tag-lottery-entry,True,Multiple,,permit,,
NE,Turkey Permit,addon_type,ne-addontype-turkey-permit,True,Turkey,,permit,,
NH,Archery License,addon_type,nh-addontype-archery-license,True,Deer,Archery,permit,,
NH,Moose Permit (Lottery),addon_type,nh-addontype-moose-permit-lottery,True,Moose,,permit,,
NH,Muzzleloader License,addon_type,nh-addontype-muzzleloader-license,True,Deer,Muzzleloader,permit,,
NH,NH Migratory Waterfowl License,addon_type,nh-addontype-nh-migratory-waterfowl-license,True,Duck,,permit,1983,
NH,Turkey Permit,addon_type,nh-addontype-turkey-permit,True,Turkey,,permit,,
NH,Unit M/L Special Antlerless Deer Tag,addon_type,nh-addontype-unit-m-l-special-antlerless-deer-tag,True,Deer,,tag,,
NH,Wildlife Habitat Fee,addon_type,nh-addontype-wildlife-habitat-fee,True,,,fee,,
NJ,Antlered Buck Permit,addon_type,nj-addontype-antlered-buck-permit,True,Antlered Deer,,permit,,
NJ,Black Bear Permit,addon_type,nj-addontype-black-bear-permit,True,Bear,,permit,,
NJ,Deer Zone Permit,addon_type,nj-addontype-deer-zone-permit,True,Antlerless Deer,,permit,,
NJ,New Jersey Waterfowl Stamp,addon_type,nj-addontype-new-jersey-waterfowl-stamp,True,Waterfowl,,stamp,1984,
NJ,Pheasant and Quail Stamp,addon_type,nj-addontype-pheasant-and-quail-stamp,True,Pheasant,,stamp,,
NJ,Rifle Permit,addon_type,nj-addontype-rifle-permit,True,,Firearm,permit,,
NJ,Turkey Season Permit,addon_type,nj-addontype-turkey-season-permit,True,Turkey,,permit,,
NJ,Wildlife Management Area Use Permit,addon_type,nj-addontype-wildlife-management-area-use-permit,True,,,permit,,
NJ,Youth Deer Zone Permit,addon_type,nj-addontype-youth-deer-zone-permit,True,Antlerless Deer,,permit,,
NJ,Youth Turkey Permit,addon_type,nj-addontype-youth-turkey-permit,True,Turkey,,permit,,
NM,Deer License,addon_type,nm-addontype-deer-license,True,Deer,,license,,
NM,Elk License,addon_type,nm-addontype-elk-license,True,Elk,,license,,
NM,Habitat Management and Access Validation (HMAV),addon_type,nm-addontype-habitat-management-and-access-validation-hmav,True,,,permit,,
NM,Habitat Stamp,addon_type,nm-addontype-habitat-stamp,True,,,fee,,
NM,Mobility-Impaired (MI) Certification,addon_type,nm-addontype-mobility-impaired-mi-certification,True,,,permit,,
NM,New Mexico State Waterfowl Stamp,addon_type,nm-addontype-new-mexico-state-waterfowl-stamp,True,Waterfowl,,stamp,1991,
NM,Oryx License,addon_type,nm-addontype-oryx-license,True,Multiple,,license,,
NV,Big Game Tag,addon_type,nv-addontype-big-game-tag,True,Multiple,,tag,,
NV,Landowner Compensation Tag,addon_type,nv-addontype-landowner-compensation-tag,True,Multiple,,tag,,
NV,Nevada Duck Stamp,addon_type,nv-addontype-nevada-duck-stamp,True,Waterfowl,,stamp,1979,
NV,Nevada State Waterfowl Stamp,addon_type,nv-addontype-nevada-state-waterfowl-stamp,True,Waterfowl,,stamp,1979,
NV,Predator Management Fee,addon_type,nv-addontype-predator-management-fee,True,,,fee,,
NV,Upland Game Bird Fee,addon_type,nv-addontype-upland-game-bird-fee,True,Multiple,,fee,,
NY,Bowhunting Privilege,addon_type,ny-addontype-bowhunting-privilege,True,Deer,Archery,permit,,
NY,Deer Management Permit (DMP),addon_type,ny-addontype-deer-management-permit-dmp,True,Deer,,permit,,
NY,Fall Turkey Permit,addon_type,ny-addontype-fall-turkey-permit,True,Turkey,,permit,,
NY,Muzzleloading Privilege,addon_type,ny-addontype-muzzleloading-privilege,True,Deer,Muzzleloader,permit,,
NY,Spring Turkey Permit,addon_type,ny-addontype-spring-turkey-permit,True,Turkey,,permit,,
OH,Antlerless Deer Permit,addon_type,oh-addontype-antlerless-deer-permit,True,Deer,,permit,,
OH,Archery Deer Permit,addon_type,oh-addontype-archery-deer-permit,True,Deer,Archery,permit,,
OH,Deer Gun Permit,addon_type,oh-addontype-deer-gun-permit,True,Deer,Firearm,permit,1943,
OH,Deer Muzzleloader Permit,addon_type,oh-addontype-deer-muzzleloader-permit,True,Deer,Muzzleloader,permit,,
OH,Deer Tag,addon_type,oh-addontype-deer-tag,True,Deer,,tag,1943,
OH,OH Wetlands Habitat Stamp,addon_type,oh-addontype-oh-wetlands-habitat-stamp,True,Waterfowl,,stamp,1982,
OH,Spring Turkey Permit,addon_type,oh-addontype-spring-turkey-permit,True,Turkey,,permit,1966,
OK,Harvest Information Permit (HIP),addon_type,ok-addontype-harvest-information-permit-hip,True,Migratory Birds,,certification,1998,
OK,Land Access Permit,addon_type,ok-addontype-land-access-permit,True,,,permit,,
OK,Oklahoma Antelope License,addon_type,ok-addontype-oklahoma-antelope-license,True,Pronghorn,,license,,
OK,Oklahoma Bear License,addon_type,ok-addontype-oklahoma-bear-license,True,Bear,,license,,
OK,Oklahoma Deer License,addon_type,ok-addontype-oklahoma-deer-license,True,Deer,,license,,
OK,Oklahoma Elk License,addon_type,ok-addontype-oklahoma-elk-license,True,Elk,,license,,
OK,Oklahoma Turkey License,addon_type,ok-addontype-oklahoma-turkey-license,True,Turkey,,license,,
OK,Oklahoma Waterfowl License,addon_type,ok-addontype-oklahoma-waterfowl-license,True,Waterfowl,,license,1980,
OK,Sandhill Crane Permit,addon_type,ok-addontype-sandhill-crane-permit,True,Sandhill Crane,,permit,,
OK,Wildlife Conservation Passport,addon_type,ok-addontype-wildlife-conservation-passport,True,,,permit,,
OR,Bear Tag,addon_type,or-addontype-bear-tag,True,Bear,,tag,,
OR,Columbia River Basin Endorsement,addon_type,or-addontype-columbia-river-basin-endorsement,True,,,stamp,,
OR,Controlled Hunt Application,addon_type,or-addontype-controlled-hunt-application,True,Multiple,,permit,,
OR,Cougar Tag,addon_type,or-addontype-cougar-tag,True,Mountain Lion,,tag,,
OR,Deer Tag,addon_type,or-addontype-deer-tag,True,Deer,,tag,,
OR,Elk Tag,addon_type,or-addontype-elk-tag,True,Elk,,tag,,
OR,Upland Game Bird Validation,addon_type,or-addontype-upland-game-bird-validation,True,Multiple,,stamp,,
OR,Waterfowl Validation,addon_type,or-addontype-waterfowl-validation,True,Waterfowl,,stamp,1984,
OR,Western Oregon Fee Pheasant Permit,addon_type,or-addontype-western-oregon-fee-pheasant-permit,True,Pheasant,,permit,,
PA,Antlerless Deer License,addon_type,pa-addontype-antlerless-deer-license,True,Antlerless Deer,,license,1951,2002
PA,Antlerless Deer Permit,addon_type,pa-addontype-antlerless-deer-permit,True,Antlerless Deer,,permit,2003,
PA,Archery License,addon_type,pa-addontype-archery-license,True,Deer,Archery,license,1951,
PA,Archery Stamp,addon_type,pa-addontype-archery-stamp,True,Deer,Archery,stamp,1951,
PA,Bear Permit,addon_type,pa-addontype-bear-permit,True,Bear,,permit,1981,
PA,Big Game Tag,addon_type,pa-addontype-big-game-tag,True,Multiple,,tag,,2011
PA,DMAP Antlerless Tags,addon_type,pa-addontype-dmap-antlerless-tags,True,Antlerless Deer,,tag,2003,
PA,Deer Tag,addon_type,pa-addontype-deer-tag,True,Deer,,tag,,2011
PA,Elk License (Lottery),addon_type,pa-addontype-elk-license-lottery,True,Elk,,license,2001,
PA,Muzzleloader License,addon_type,pa-addontype-muzzleloader-license,True,Deer,Muzzleloader,license,1974,
PA,Muzzleloader Stamp,addon_type,pa-addontype-muzzleloader-stamp,True,Deer,Muzzleloader,stamp,1974,
PA,Pheasant Permit,addon_type,pa-addontype-pheasant-permit,True,Pheasant,,permit,2017,
PA,Small Game Tag,addon_type,pa-addontype-small-game-tag,True,Small Game,,tag,,2011
PA,Special Spring Turkey Permit,addon_type,pa-addontype-special-spring-turkey-permit,True,Turkey,,permit,1968,
PA,Turkey Tag,addon_type,pa-addontype-turkey-tag,True,Turkey,,tag,,2011
PA,Waterfowl/Migratory Bird Stamp,addon_type,pa-addontype-waterfowl-migratory-bird-stamp,True,Waterfowl,,stamp,1983,
RI,Deer Permit,addon_type,ri-addontype-deer-permit,True,Deer,,permit,,
RI,Fall Archery Turkey Permit,addon_type,ri-addontype-fall-archery-turkey-permit,True,Turkey,Archery,permit,,
RI,Migratory Bird (HIP) Permit,addon_type,ri-addontype-migratory-bird-hip-permit,True,Migratory Birds,,certification,1998,
RI,RI Game Bird Permit,addon_type,ri-addontype-ri-game-bird-permit,True,Multiple,,permit,,
RI,Resident All Outdoors Deer Package Permit,addon_type,ri-addontype-resident-all-outdoors-deer-package-permit,True,Deer,,permit,,
RI,Rhode Island State Waterfowl Stamp,addon_type,ri-addontype-rhode-island-state-waterfowl-stamp,True,Waterfowl,,stamp,1989,
RI,Turkey Permit,addon_type,ri-addontype-turkey-permit,True,Turkey,,permit,,
SC,Bear Tag,addon_type,sc-addontype-bear-tag,True,Bear,,tag,,
SC,Big Game Permit,addon_type,sc-addontype-big-game-permit,True,Multiple,,permit,,
SC,Deer Tags,addon_type,sc-addontype-deer-tags,True,Deer,,tag,,
SC,Individual Antlerless Deer Tag,addon_type,sc-addontype-individual-antlerless-deer-tag,True,Antlerless Deer,,tag,,
SC,Migratory Bird Permit (HIP),addon_type,sc-addontype-migratory-bird-permit-hip,True,Migratory Birds,,certification,1998,
SC,Migratory Waterfowl Permit (State Duck Stamp),addon_type,sc-addontype-migratory-waterfowl-permit-state-duck-stamp,True,Waterfowl,,stamp,1981,
SC,Restricted Antlered (Buck) Deer Tag,addon_type,sc-addontype-restricted-antlered-buck-deer-tag,True,Antlered Deer,,tag,,
SC,Shooting Preserve Permit,addon_type,sc-addontype-shooting-preserve-permit,True,Small Game,,permit,,
SC,Trapping and Commercial Fur Harvest License,addon_type,sc-addontype-trapping-and-commercial-fur-harvest-license,True,Furbearer,,license,,
SC,Turkey Tags,addon_type,sc-addontype-turkey-tags,True,Turkey,,tag,,
SC,Wildlife Management Area Permit,addon_type,sc-addontype-wildlife-management-area-permit,True,,,permit,,
SD,Big Game License,addon_type,sd-addontype-big-game-license,True,Multiple,,license,,
SD,Preference Point,addon_type,sd-addontype-preference-point,True,Multiple,,permit,,
SD,South Dakota Habitat Stamp,addon_type,sd-addontype-south-dakota-habitat-stamp,True,,,fee,,
SD,South Dakota State Waterfowl Stamp,addon_type,sd-addontype-south-dakota-state-waterfowl-stamp,True,Waterfowl,,stamp,1976,
SD,South Dakota Waterfowl Restoration Stamp,addon_type,sd-addontype-south-dakota-waterfowl-restoration-stamp,True,Waterfowl,,stamp,1976,
SD,State Migratory Bird Certificate,addon_type,sd-addontype-state-migratory-bird-certificate,True,Migratory Birds,,certification,,
TN,Big Game Archery Supplemental License,addon_type,tn-addontype-big-game-archery-supplemental-license,True,Multiple,Archery,permit,,
TN,Big Game Gun Supplemental License,addon_type,tn-addontype-big-game-gun-supplemental-license,True,Multiple,Firearm,permit,,
TN,Big Game Muzzleloader Supplemental License,addon_type,tn-addontype-big-game-muzzleloader-supplemental-license,True,Multiple,Muzzleloader,permit,,
TN,Trapping Supplemental License,addon_type,tn-addontype-trapping-supplemental-license,True,Multiple,,permit,,
TN,WMA Non-Quota Hunt Permit,addon_type,tn-addontype-wma-non-quota-hunt-permit,True,Multiple,,permit,,
TN,WMA Quota Hunt Permit,addon_type,tn-addontype-wma-quota-hunt-permit,True,Multiple,,permit,,
TN,Waterfowl Supplemental License,addon_type,tn-addontype-waterfowl-supplemental-license,True,Duck,,permit,1979,
TX,APH Permit (Antlerless/Spike Hardhorn),addon_type,tx-addontype-aph-permit-antlerless-spike-hardhorn,True,Deer,,permit,,
TX,Archery Endorsement,addon_type,tx-addontype-archery-endorsement,True,,Archery,stamp,,
TX,MLDP Managed Lands Tags,addon_type,tx-addontype-mldp-managed-lands-tags,True,Deer,,tag,,
TX,Migratory Game Bird Endorsement,addon_type,tx-addontype-migratory-game-bird-endorsement,True,Multiple,,stamp,,
TX,Pronghorn Permit,addon_type,tx-addontype-pronghorn-permit,True,Pronghorn,,permit,,
TX,Upland Game Bird Endorsement,addon_type,tx-addontype-upland-game-bird-endorsement,True,Multiple,,stamp,,
UT,Big Game Drawing Application,addon_type,ut-addontype-big-game-drawing-application,True,Multiple,,permit,,
UT,General Season Buck Deer Permit,addon_type,ut-addontype-general-season-buck-deer-permit,True,Deer,,permit,,
UT,General Season Bull Elk Permit,addon_type,ut-addontype-general-season-bull-elk-permit,True,Elk,,permit,,
UT,Limited Entry Buck Deer Permit,addon_type,ut-addontype-limited-entry-buck-deer-permit,True,Deer,,permit,,
UT,Limited Entry Bull Elk Permit,addon_type,ut-addontype-limited-entry-bull-elk-permit,True,Elk,,permit,,
UT,Sportsman Permit,addon_type,ut-addontype-sportsman-permit,True,Multiple,,permit,,
UT,Utah Waterfowl Stamp,addon_type,ut-addontype-utah-waterfowl-stamp,True,Waterfowl,,stamp,1986,
VA,Archery License,addon_type,va-addontype-archery-license,True,,Archery,permit,,
VA,Bear License,addon_type,va-addontype-bear-license,True,Bear,,permit,,
VA,Bonus Antlerless Deer Permit (DCAP),addon_type,va-addontype-bonus-antlerless-deer-permit-dcap,True,Deer,,permit,,
VA,DMAP Antlerless Tags,addon_type,va-addontype-dmap-antlerless-tags,True,Deer,,tag,,
VA,DPOP Permit,addon_type,va-addontype-dpop-permit,True,Deer,,permit,,
VA,Deer/Turkey License,addon_type,va-addontype-deer-turkey-license,True,Multiple,,permit,,
VA,Muzzleloading License,addon_type,va-addontype-muzzleloading-license,True,,Muzzleloader,permit,,
VA,National Forest Permit,addon_type,va-addontype-national-forest-permit,True,,,permit,,
VA,VA Migratory Waterfowl Conservation Stamp,addon_type,va-addontype-va-migratory-waterfowl-conservation-stamp,True,Duck,,stamp,1988,
VT,Antlerless Deer Permit,addon_type,vt-addontype-antlerless-deer-permit,True,Deer,,permit,,
VT,Archery License,addon_type,vt-addontype-archery-license,True,Deer,Archery,permit,,
VT,Bear License,addon_type,vt-addontype-bear-license,True,Bear,,permit,,
VT,Moose Permit (Lottery),addon_type,vt-addontype-moose-permit-lottery,True,Moose,,permit,,
VT,Muzzleloader License,addon_type,vt-addontype-muzzleloader-license,True,Deer,Muzzleloader,permit,,
VT,Turkey Permit,addon_type,vt-addontype-turkey-permit,True,Turkey,,permit,,
VT,VT Waterfowl Stamp,addon_type,vt-addontype-vt-waterfowl-stamp,True,Duck,,stamp,1986,
WA,Deer Transport Tag,addon_type,wa-addontype-deer-transport-tag,True,Deer,,tag,,
WA,Elk Transport Tag,addon_type,wa-addontype-elk-transport-tag,True,Elk,,tag,,
WA,Migratory Bird Authorization and Harvest Record Card,addon_type,wa-addontype-migratory-bird-authorization-and-harvest-record-card,True,Migratory Birds,,certification,,
WA,Migratory Bird Permit,addon_type,wa-addontype-migratory-bird-permit,True,Migratory Birds,,permit,,
WA,Special Hunt Permit Application,addon_type,wa-addontype-special-hunt-permit-application,True,Multiple,,permit,,
WA,Turkey Transport Tag,addon_type,wa-addontype-turkey-transport-tag,True,Turkey,,tag,,
WA,Vehicle Access Pass,addon_type,wa-addontype-vehicle-access-pass,True,,,permit,,
WA,Washington Waterfowl Stamp,addon_type,wa-addontype-washington-waterfowl-stamp,True,Waterfowl,,stamp,1986,
WA,Western Washington Pheasant Permit,addon_type,wa-addontype-western-washington-pheasant-permit,True,Pheasant,,permit,,
WI,Bear License,addon_type,wi-addontype-bear-license,True,Bear,,permit,,
WI,Deer Harvest Authorization (Antlerless),addon_type,wi-addontype-deer-harvest-authorization-antlerless,True,Deer,,tag,,
WI,Elk Application,addon_type,wi-addontype-elk-application,True,Elk,,permit,,
WI,Fall Turkey License,addon_type,wi-addontype-fall-turkey-license,True,Turkey,,permit,,
WI,Pheasant Stamp,addon_type,wi-addontype-pheasant-stamp,True,Pheasant,,stamp,,
WI,Spring Turkey Stamp,addon_type,wi-addontype-spring-turkey-stamp,True,Turkey,,stamp,,
WI,Waterfowl Stamp,addon_type,wi-addontype-waterfowl-stamp,True,Duck,,stamp,1978,
WI,Wolf License,addon_type,wi-addontype-wolf-license,True,Wolf,,permit,,
WV,Additional Antlerless Deer Stamp (Class NN),addon_type,wv-addontype-additional-antlerless-deer-stamp-class-nn,True,Deer,,stamp,,
WV,Additional Muzzleloader Deer Stamp (Class RM),addon_type,wv-addontype-additional-muzzleloader-deer-stamp-class-rm,True,Deer,Muzzleloader,stamp,,
WV,Antlerless Deer Stamp (Class N),addon_type,wv-addontype-antlerless-deer-stamp-class-n,True,Deer,,stamp,,
WV,Bear Damage Stamp (Class DS),addon_type,wv-addontype-bear-damage-stamp-class-ds,True,Bear,,stamp,,
WV,Big Game Stamp (Class BG),addon_type,wv-addontype-big-game-stamp-class-bg,True,Multiple,,stamp,,
WV,Conservation Stamp (Class CS),addon_type,wv-addontype-conservation-stamp-class-cs,True,,,stamp,,
WV,National Forest Stamp (Class I),addon_type,wv-addontype-national-forest-stamp-class-i,True,,,permit,,
WY,Archery Permit,addon_type,wy-addontype-archery-permit,True,,Archery,permit,,
WY,Bighorn Sheep License,addon_type,wy-addontype-bighorn-sheep-license,True,Bighorn Sheep,,permit,,
WY,Moose License,addon_type,wy-addontype-moose-license,True,Moose,,permit,,
WY,Mountain Goat License,addon_type,wy-addontype-mountain-goat-license,True,Mountain Goat,,permit,,
WY,Turkey License,addon_type,wy-addontype-turkey-license,True,Turkey,,permit,,
WY,Wild Bison License,addon_type,wy-addontype-wild-bison-license,True,Bison,,permit,,
,Other,duration,universal-duration-other,True,,,,,
AK,14-day,duration,ak-duration-14-day,True,,,,,
AK,Annual,duration,ak-duration-annual,True,,,,,
AL,3-day,duration,al-duration-3-day,True,,,,,
AL,7-day,duration,al-duration-7-day,True,,,,,
AL,Annual,duration,al-duration-annual,True,,,,,
AL,Lifetime,duration,al-duration-lifetime,True,,,,,
AR,1-day,duration,ar-duration-1-day,True,,,,,
AR,3-day,duration,ar-duration-3-day,True,,,,,
AR,5-day,duration,ar-duration-5-day,True,,,,,
AR,Annual,duration,ar-duration-annual,True,,,,,
AR,Lifetime,duration,ar-duration-lifetime,True,,,,,
AR,Multi-year,duration,ar-duration-multi-year,True,,,,,
AZ,1-day,duration,az-duration-1-day,True,,,,,
AZ,Annual,duration,az-duration-annual,True,,,,,
CA,2-day,duration,ca-duration-2-day,True,,,,,
CA,Annual,duration,ca-duration-annual,True,,,,,
CA,Lifetime,duration,ca-duration-lifetime,True,,,,,
CO,Annual,duration,co-duration-annual,True,,,,,
CO,Lifetime,duration,co-duration-lifetime,True,,,,,
CT,3-day,duration,ct-duration-3-day,True,,,,,
CT,Annual,duration,ct-duration-annual,True,,,,,
DE,3-day,duration,de-duration-3-day,True,,,,,
DE,Annual,duration,de-duration-annual,True,,,,,
FL,Annual,duration,fl-duration-annual,True,,,,,
FL,Multi-year,duration,fl-duration-multi-year,True,,,,,
GA,1-day,duration,ga-duration-1-day,True,,,,,
GA,3-day,duration,ga-duration-3-day,True,,,,,
GA,7-day,duration,ga-duration-7-day,True,,,,,
GA,Annual,duration,ga-duration-annual,True,,,,,
GA,Lifetime,duration,ga-duration-lifetime,True,,,,,
HI,Annual,duration,hi-duration-annual,True,,,,,
IA,Annual,duration,ia-duration-annual,True,,,,,
IA,Lifetime,duration,ia-duration-lifetime,True,,,,,
ID,Annual,duration,id-duration-annual,True,,,,,
IL,Annual,duration,il-duration-annual,True,,,,,
IL,Lifetime,duration,il-duration-lifetime,True,,,,,
IN,5-day,duration,in-duration-5-day,True,,,,,
IN,Annual,duration,in-duration-annual,True,,,,,
IN,Multi-year,duration,in-duration-multi-year,True,,,,,
KS,Annual,duration,ks-duration-annual,True,,,,,
KS,Lifetime,duration,ks-duration-lifetime,True,,,,,
KS,Multi-year,duration,ks-duration-multi-year,True,,,,,
KY,1-day,duration,ky-duration-1-day,True,,,,,
KY,5-day,duration,ky-duration-5-day,True,,,,,
KY,7-day,duration,ky-duration-7-day,True,,,,,
KY,Annual,duration,ky-duration-annual,True,,,,,
KY,Lifetime,duration,ky-duration-lifetime,True,,,,,
LA,10-day,duration,la-duration-10-day,True,,,,,
LA,5-day,duration,la-duration-5-day,True,,,,,
LA,Annual,duration,la-duration-annual,True,,,,,
LA,Lifetime,duration,la-duration-lifetime,True,,,,,
MA,1-day,duration,ma-duration-1-day,True,,,,,
MA,Annual,duration,ma-duration-annual,True,,,,,
MD,3-day,duration,md-duration-3-day,True,,,,,
MD,Annual,duration,md-duration-annual,True,,,,,
MD,Lifetime,duration,md-duration-lifetime,True,,,,,
ME,3-day,duration,me-duration-3-day,True,,,,,
ME,Annual,duration,me-duration-annual,True,,,,,
ME,Lifetime,duration,me-duration-lifetime,True,,,,,
MI,3-day,duration,mi-duration-3-day,True,,,,,
MI,7-day,duration,mi-duration-7-day,True,,,,,
MI,Annual,duration,mi-duration-annual,True,,,,,
MI,Lifetime,duration,mi-duration-lifetime,True,,,,,
MN,Annual,duration,mn-duration-annual,True,,,,,
MO,Annual,duration,mo-duration-annual,True,,,,,
MO,Lifetime,duration,mo-duration-lifetime,True,,,,,
MS,14-day,duration,ms-duration-14-day,True,,,,,
MS,3-day,duration,ms-duration-3-day,True,,,,,
MS,7-day,duration,ms-duration-7-day,True,,,,,
MS,Annual,duration,ms-duration-annual,True,,,,,
MS,Lifetime,duration,ms-duration-lifetime,True,,,,,
MT,Annual,duration,mt-duration-annual,True,,,,,
NC,10-day,duration,nc-duration-10-day,True,,,,,
NC,Annual,duration,nc-duration-annual,True,,,,,
NC,Lifetime,duration,nc-duration-lifetime,True,,,,,
ND,Annual,duration,nd-duration-annual,True,,,,,
NE,2-day,duration,ne-duration-2-day,True,,,,,
NE,Annual,duration,ne-duration-annual,True,,,,,
NE,Lifetime,duration,ne-duration-lifetime,True,,,,,
NH,3-day,duration,nh-duration-3-day,True,,,,,
NH,Annual,duration,nh-duration-annual,True,,,,,
NH,Lifetime,duration,nh-duration-lifetime,True,,,,,
NJ,1-day,duration,nj-duration-1-day,True,,,,,
NJ,2-day,duration,nj-duration-2-day,True,,,,,
NJ,Annual,duration,nj-duration-annual,True,,,,,
NM,3-day,duration,nm-duration-3-day,True,,,,,
NM,Annual,duration,nm-duration-annual,True,,,,,
NV,Annual,duration,nv-duration-annual,True,,,,,
NY,Annual,duration,ny-duration-annual,True,,,,,
NY,Lifetime,duration,ny-duration-lifetime,True,,,,,
OH,1-day,duration,oh-duration-1-day,True,,,,,
OH,Annual,duration,oh-duration-annual,True,,,,,
OH,Lifetime,duration,oh-duration-lifetime,True,,,,,
OH,Multi-year,duration,oh-duration-multi-year,True,,,,,
OK,Annual,duration,ok-duration-annual,True,,,,,
OK,Lifetime,duration,ok-duration-lifetime,True,,,,,
OR,Annual,duration,or-duration-annual,True,,,,,
PA,7-day,duration,pa-duration-7-day,True,,,,,
PA,Annual,duration,pa-duration-annual,True,,,,,
PA,Lifetime,duration,pa-duration-lifetime,True,,,,,
RI,3-day,duration,ri-duration-3-day,True,,,,,
RI,Annual,duration,ri-duration-annual,True,,,,,
RI,Lifetime,duration,ri-duration-lifetime,True,,,,,
SC,Annual,duration,sc-duration-annual,True,,,,,
SC,Lifetime,duration,sc-duration-lifetime,True,,,,,
SC,Multi-year,duration,sc-duration-multi-year,True,,,,,
SD,1-day,duration,sd-duration-1-day,True,,,,,
SD,Annual,duration,sd-duration-annual,True,,,,,
TN,7-day,duration,tn-duration-7-day,True,,,,,
TN,Annual,duration,tn-duration-annual,True,,,,,
TN,Lifetime,duration,tn-duration-lifetime,True,,,,,
TX,5-day,duration,tx-duration-5-day,True,,,,,
TX,Annual,duration,tx-duration-annual,True,,,,,
TX,Lifetime,duration,tx-duration-lifetime,True,,,,,
UT,Annual,duration,ut-duration-annual,True,,,,,
UT,Multi-year,duration,ut-duration-multi-year,True,,,,,
VA,3-day,duration,va-duration-3-day,True,,,,,
VA,Annual,duration,va-duration-annual,True,,,,,
VA,Lifetime,duration,va-duration-lifetime,True,,,,,
VA,Multi-year,duration,va-duration-multi-year,True,,,,,
VT,Annual,duration,vt-duration-annual,True,,,,,
VT,Lifetime,duration,vt-duration-lifetime,True,,,,,
WA,3-day,duration,wa-duration-3-day,True,,,,,
WA,Annual,duration,wa-duration-annual,True,,,,,
WI,5-day,duration,wi-duration-5-day,True,,,,,
WI,Annual,duration,wi-duration-annual,True,,,,,
WV,Annual,duration,wv-duration-annual,True,,,,,
WV,Lifetime,duration,wv-duration-lifetime,True,,,,,
WV,Multi-year,duration,wv-duration-multi-year,True,,,,,
WY,Annual,duration,wy-duration-annual,True,,,,,
,Other,holder_eligibility,universal-holdereligibility-other,True,,,,,
AK,General,holder_eligibility,ak-holdereligibility-general,True,,,,,
AK,Military,holder_eligibility,ak-holdereligibility-military,True,,,,,
AK,Youth,holder_eligibility,ak-holdereligibility-youth,True,,,,,
AL,Disabled,holder_eligibility,al-holdereligibility-disabled,True,,,,,
AL,General,holder_eligibility,al-holdereligibility-general,True,,,,,
AL,Senior,holder_eligibility,al-holdereligibility-senior,True,,,,,
AL,Veteran,holder_eligibility,al-holdereligibility-veteran,True,,,,,
AR,Disabled,holder_eligibility,ar-holdereligibility-disabled,True,,,,,
AR,General,holder_eligibility,ar-holdereligibility-general,True,,,,,
AR,Senior,holder_eligibility,ar-holdereligibility-senior,True,,,,,
AR,Youth,holder_eligibility,ar-holdereligibility-youth,True,,,,,
AZ,General,holder_eligibility,az-holdereligibility-general,True,,,,,
AZ,Youth,holder_eligibility,az-holdereligibility-youth,True,,,,,
CA,General,holder_eligibility,ca-holdereligibility-general,True,,,,,
CA,Junior,holder_eligibility,ca-holdereligibility-junior,True,,,,,
CA,Veteran,holder_eligibility,ca-holdereligibility-veteran,True,,,,,
CO,Disabled,holder_eligibility,co-holdereligibility-disabled,True,,,,,
CO,General,holder_eligibility,co-holdereligibility-general,True,,,,,
CO,Veteran,holder_eligibility,co-holdereligibility-veteran,True,,,,,
CO,Youth,holder_eligibility,co-holdereligibility-youth,True,,,,,
CT,Disabled,holder_eligibility,ct-holdereligibility-disabled,True,,,,,
CT,General,holder_eligibility,ct-holdereligibility-general,True,,,,,
CT,Junior,holder_eligibility,ct-holdereligibility-junior,True,,,,,
CT,Military,holder_eligibility,ct-holdereligibility-military,True,,,,,
CT,Senior,holder_eligibility,ct-holdereligibility-senior,True,,,,,
CT,Youth,holder_eligibility,ct-holdereligibility-youth,True,,,,,
DE,General,holder_eligibility,de-holdereligibility-general,True,,,,,
DE,Junior,holder_eligibility,de-holdereligibility-junior,True,,,,,
FL,General,holder_eligibility,fl-holdereligibility-general,True,,,,,
FL,Military,holder_eligibility,fl-holdereligibility-military,True,,,,,
FL,Senior,holder_eligibility,fl-holdereligibility-senior,True,,,,,
FL,Youth,holder_eligibility,fl-holdereligibility-youth,True,,,,,
GA,Disabled,holder_eligibility,ga-holdereligibility-disabled,True,,,,,
GA,General,holder_eligibility,ga-holdereligibility-general,True,,,,,
GA,Senior,holder_eligibility,ga-holdereligibility-senior,True,,,,,
GA,Veteran,holder_eligibility,ga-holdereligibility-veteran,True,,,,,
GA,Youth,holder_eligibility,ga-holdereligibility-youth,True,,,,,
HI,General,holder_eligibility,hi-holdereligibility-general,True,,,,,
IA,General,holder_eligibility,ia-holdereligibility-general,True,,,,,
IA,Youth,holder_eligibility,ia-holdereligibility-youth,True,,,,,
ID,General,holder_eligibility,id-holdereligibility-general,True,,,,,
ID,Junior,holder_eligibility,id-holdereligibility-junior,True,,,,,
ID,Veteran,holder_eligibility,id-holdereligibility-veteran,True,,,,,
IL,Apprentice,holder_eligibility,il-holdereligibility-apprentice,True,,,,,
IL,General,holder_eligibility,il-holdereligibility-general,True,,,,,
IL,Senior,holder_eligibility,il-holdereligibility-senior,True,,,,,
IL,Youth,holder_eligibility,il-holdereligibility-youth,True,,,,,
IN,Disabled,holder_eligibility,in-holdereligibility-disabled,True,,,,,
IN,General,holder_eligibility,in-holdereligibility-general,True,,,,,
IN,Youth,holder_eligibility,in-holdereligibility-youth,True,,,,,
KS,General,holder_eligibility,ks-holdereligibility-general,True,,,,,
KS,Military,holder_eligibility,ks-holdereligibility-military,True,,,,,
KS,Senior,holder_eligibility,ks-holdereligibility-senior,True,,,,,
KS,Youth,holder_eligibility,ks-holdereligibility-youth,True,,,,,
KY,General,holder_eligibility,ky-holdereligibility-general,True,,,,,
KY,Junior,holder_eligibility,ky-holdereligibility-junior,True,,,,,
KY,Senior,holder_eligibility,ky-holdereligibility-senior,True,,,,,
LA,General,holder_eligibility,la-holdereligibility-general,True,,,,,
LA,Senior,holder_eligibility,la-holdereligibility-senior,True,,,,,
LA,Veteran,holder_eligibility,la-holdereligibility-veteran,True,,,,,
LA,Youth,holder_eligibility,la-holdereligibility-youth,True,,,,,
MA,Disabled,holder_eligibility,ma-holdereligibility-disabled,True,,,,,
MA,General,holder_eligibility,ma-holdereligibility-general,True,,,,,
MA,Senior,holder_eligibility,ma-holdereligibility-senior,True,,,,,
MA,Youth,holder_eligibility,ma-holdereligibility-youth,True,,,,,
MD,Apprentice,holder_eligibility,md-holdereligibility-apprentice,True,,,,,
MD,Disabled,holder_eligibility,md-holdereligibility-disabled,True,,,,,
MD,General,holder_eligibility,md-holdereligibility-general,True,,,,,
MD,Junior,holder_eligibility,md-holdereligibility-junior,True,,,,,
MD,Senior,holder_eligibility,md-holdereligibility-senior,True,,,,,
ME,Apprentice,holder_eligibility,me-holdereligibility-apprentice,True,,,,,
ME,Disabled,holder_eligibility,me-holdereligibility-disabled,True,,,,,
ME,General,holder_eligibility,me-holdereligibility-general,True,,,,,
ME,Junior,holder_eligibility,me-holdereligibility-junior,True,,,,,
MI,General,holder_eligibility,mi-holdereligibility-general,True,,,,,
MI,Senior,holder_eligibility,mi-holdereligibility-senior,True,,,,,
MI,Youth,holder_eligibility,mi-holdereligibility-youth,True,,,,,
MN,General,holder_eligibility,mn-holdereligibility-general,True,,,,,
MN,Youth,holder_eligibility,mn-holdereligibility-youth,True,,,,,
MO,Apprentice,holder_eligibility,mo-holdereligibility-apprentice,True,,,,,
MO,General,holder_eligibility,mo-holdereligibility-general,True,,,,,
MO,Military,holder_eligibility,mo-holdereligibility-military,True,,,,,
MS,Apprentice,holder_eligibility,ms-holdereligibility-apprentice,True,,,,,
MS,General,holder_eligibility,ms-holdereligibility-general,True,,,,,
MS,Military,holder_eligibility,ms-holdereligibility-military,True,,,,,
MS,Senior,holder_eligibility,ms-holdereligibility-senior,True,,,,,
MS,Youth,holder_eligibility,ms-holdereligibility-youth,True,,,,,
MT,General,holder_eligibility,mt-holdereligibility-general,True,,,,,
NC,Disabled,holder_eligibility,nc-holdereligibility-disabled,True,,,,,
NC,General,holder_eligibility,nc-holdereligibility-general,True,,,,,
NC,Senior,holder_eligibility,nc-holdereligibility-senior,True,,,,,
NC,Veteran,holder_eligibility,nc-holdereligibility-veteran,True,,,,,
ND,Apprentice,holder_eligibility,nd-holdereligibility-apprentice,True,,,,,
ND,General,holder_eligibility,nd-holdereligibility-general,True,,,,,
NE,General,holder_eligibility,ne-holdereligibility-general,True,,,,,
NE,Senior,holder_eligibility,ne-holdereligibility-senior,True,,,,,
NE,Veteran,holder_eligibility,ne-holdereligibility-veteran,True,,,,,
NE,Youth,holder_eligibility,ne-holdereligibility-youth,True,,,,,
NH,Apprentice,holder_eligibility,nh-holdereligibility-apprentice,True,,,,,
NH,Disabled,holder_eligibility,nh-holdereligibility-disabled,True,,,,,
NH,General,holder_eligibility,nh-holdereligibility-general,True,,,,,
NH,Senior,holder_eligibility,nh-holdereligibility-senior,True,,,,,
NJ,Apprentice,holder_eligibility,nj-holdereligibility-apprentice,True,,,,,
NJ,General,holder_eligibility,nj-holdereligibility-general,True,,,,,
NJ,Military,holder_eligibility,nj-holdereligibility-military,True,,,,,
NJ,Senior,holder_eligibility,nj-holdereligibility-senior,True,,,,,
NJ,Veteran,holder_eligibility,nj-holdereligibility-veteran,True,,,,,
NJ,Youth,holder_eligibility,nj-holdereligibility-youth,True,,,,,
NM,Disabled,holder_eligibility,nm-holdereligibility-disabled,True,,,,,
NM,General,holder_eligibility,nm-holdereligibility-general,True,,,,,
NM,Junior,holder_eligibility,nm-holdereligibility-junior,True,,,,,
NM,Senior,holder_eligibility,nm-holdereligibility-senior,True,,,,,
NM,Veteran,holder_eligibility,nm-holdereligibility-veteran,True,,,,,
NV,Apprentice,holder_eligibility,nv-holdereligibility-apprentice,True,,,,,
NV,General,holder_eligibility,nv-holdereligibility-general,True,,,,,
NV,Military,holder_eligibility,nv-holdereligibility-military,True,,,,,
NV,Senior,holder_eligibility,nv-holdereligibility-senior,True,,,,,
NV,Veteran,holder_eligibility,nv-holdereligibility-veteran,True,,,,,
NV,Youth,holder_eligibility,nv-holdereligibility-youth,True,,,,,
NY,Disabled,holder_eligibility,ny-holdereligibility-disabled,True,,,,,
NY,General,holder_eligibility,ny-holdereligibility-general,True,,,,,
NY,Junior,holder_eligibility,ny-holdereligibility-junior,True,,,,,
NY,Military,holder_eligibility,ny-holdereligibility-military,True,,,,,
NY,Senior,holder_eligibility,ny-holdereligibility-senior,True,,,,,
NY,Veteran,holder_eligibility,ny-holdereligibility-veteran,True,,,,,
OH,Apprentice,holder_eligibility,oh-holdereligibility-apprentice,True,,,,,
OH,General,holder_eligibility,oh-holdereligibility-general,True,,,,,
OH,Senior,holder_eligibility,oh-holdereligibility-senior,True,,,,,
OH,Veteran,holder_eligibility,oh-holdereligibility-veteran,True,,,,,
OH,Youth,holder_eligibility,oh-holdereligibility-youth,True,,,,,
OK,General,holder_eligibility,ok-holdereligibility-general,True,,,,,
OK,Senior,holder_eligibility,ok-holdereligibility-senior,True,,,,,
OK,Veteran,holder_eligibility,ok-holdereligibility-veteran,True,,,,,
OK,Youth,holder_eligibility,ok-holdereligibility-youth,True,,,,,
OR,General,holder_eligibility,or-holdereligibility-general,True,,,,,
OR,Military,holder_eligibility,or-holdereligibility-military,True,,,,,
OR,Senior,holder_eligibility,or-holdereligibility-senior,True,,,,,
OR,Veteran,holder_eligibility,or-holdereligibility-veteran,True,,,,,
OR,Youth,holder_eligibility,or-holdereligibility-youth,True,,,,,
PA,General,holder_eligibility,pa-holdereligibility-general,True,,,,,
PA,Junior,holder_eligibility,pa-holdereligibility-junior,True,,,,,
PA,Military,holder_eligibility,pa-holdereligibility-military,True,,,,,
PA,Senior,holder_eligibility,pa-holdereligibility-senior,True,,,,,
PA,Veteran,holder_eligibility,pa-holdereligibility-veteran,True,,,,,
PA,Youth,holder_eligibility,pa-holdereligibility-youth,True,,,,,
RI,General,holder_eligibility,ri-holdereligibility-general,True,,,,,
RI,Junior,holder_eligibility,ri-holdereligibility-junior,True,,,,,
RI,Military,holder_eligibility,ri-holdereligibility-military,True,,,,,
RI,Senior,holder_eligibility,ri-holdereligibility-senior,True,,,,,
SC,Apprentice,holder_eligibility,sc-holdereligibility-apprentice,True,,,,,
SC,Disabled,holder_eligibility,sc-holdereligibility-disabled,True,,,,,
SC,General,holder_eligibility,sc-holdereligibility-general,True,,,,,
SC,Junior,holder_eligibility,sc-holdereligibility-junior,True,,,,,
SC,Senior,holder_eligibility,sc-holdereligibility-senior,True,,,,,
SC,Youth,holder_eligibility,sc-holdereligibility-youth,True,,,,,
SD,Disabled,holder_eligibility,sd-holdereligibility-disabled,True,,,,,
SD,General,holder_eligibility,sd-holdereligibility-general,True,,,,,
SD,Junior,holder_eligibility,sd-holdereligibility-junior,True,,,,,
SD,Senior,holder_eligibility,sd-holdereligibility-senior,True,,,,,
SD,Youth,holder_eligibility,sd-holdereligibility-youth,True,,,,,
TN,Apprentice,holder_eligibility,tn-holdereligibility-apprentice,True,,,,,
TN,Disabled,holder_eligibility,tn-holdereligibility-disabled,True,,,,,
TN,General,holder_eligibility,tn-holdereligibility-general,True,,,,,
TN,Junior,holder_eligibility,tn-holdereligibility-junior,True,,,,,
TN,Senior,holder_eligibility,tn-holdereligibility-senior,True,,,,,
TN,Veteran,holder_eligibility,tn-holdereligibility-veteran,True,,,,,
TX,General,holder_eligibility,tx-holdereligibility-general,True,,,,,
TX,Senior,holder_eligibility,tx-holdereligibility-senior,True,,,,,
TX,Veteran,holder_eligibility,tx-holdereligibility-veteran,True,,,,,
TX,Youth,holder_eligibility,tx-holdereligibility-youth,True,,,,,
UT,General,holder_eligibility,ut-holdereligibility-general,True,,,,,
VA,General,holder_eligibility,va-holdereligibility-general,True,,,,,
VA,Junior,holder_eligibility,va-holdereligibility-junior,True,,,,,
VA,Senior,holder_eligibility,va-holdereligibility-senior,True,,,,,
VA,Veteran,holder_eligibility,va-holdereligibility-veteran,True,,,,,
VA,Youth,holder_eligibility,va-holdereligibility-youth,True,,,,,
VT,Apprentice,holder_eligibility,vt-holdereligibility-apprentice,True,,,,,
VT,Disabled,holder_eligibility,vt-holdereligibility-disabled,True,,,,,
VT,General,holder_eligibility,vt-holdereligibility-general,True,,,,,
VT,Honorary,holder_eligibility,vt-holdereligibility-honorary,True,,,,,
VT,Senior,holder_eligibility,vt-holdereligibility-senior,True,,,,,
VT,Veteran,holder_eligibility,vt-holdereligibility-veteran,True,,,,,
VT,Youth,holder_eligibility,vt-holdereligibility-youth,True,,,,,
WA,General,holder_eligibility,wa-holdereligibility-general,True,,,,,
WA,Military,holder_eligibility,wa-holdereligibility-military,True,,,,,
WI,General,holder_eligibility,wi-holdereligibility-general,True,,,,,
WI,Junior,holder_eligibility,wi-holdereligibility-junior,True,,,,,
WI,Senior,holder_eligibility,wi-holdereligibility-senior,True,,,,,
WI,Youth,holder_eligibility,wi-holdereligibility-youth,True,,,,,
WV,Apprentice,holder_eligibility,wv-holdereligibility-apprentice,True,,,,,
WV,Disabled,holder_eligibility,wv-holdereligibility-disabled,True,,,,,
WV,General,holder_eligibility,wv-holdereligibility-general,True,,,,,
WV,Junior,holder_eligibility,wv-holdereligibility-junior,True,,,,,
WV,Senior,holder_eligibility,wv-holdereligibility-senior,True,,,,,
WY,General,holder_eligibility,wy-holdereligibility-general,True,,,,,
WY,Senior,holder_eligibility,wy-holdereligibility-senior,True,,,,,
WY,Veteran,holder_eligibility,wy-holdereligibility-veteran,True,,,,,
WY,Youth,holder_eligibility,wy-holdereligibility-youth,True,,,,,
,Commemorative,issue_class,universal-issueclass-commemorative,True,,,,,
,Limited Edition,issue_class,universal-issueclass-limited-edition,True,,,,,
,Other,issue_class,universal-issueclass-other,True,,,,,
,Special Issue,issue_class,universal-issueclass-special-issue,True,,,,,
,Celluloid,material,universal-material-celluloid,True,,,,,
,Fabric/Canvas,material,universal-material-fabric-canvas,True,,,,,
,Metal Button,material,universal-material-metal-button,True,,,,,
,Metal Tag,material,universal-material-metal-tag,True,,,,,
,Other,material,universal-material-other,True,,,,,
,Paper/Cardstock,material,universal-material-paper-cardstock,True,,,,,
,Plastic,material,universal-material-plastic,True,,,,,
,Other,residency,universal-residency-other,True,,,,,
AK,Nonresident,residency,ak-residency-nonresident,True,,,,,
AK,Resident,residency,ak-residency-resident,True,,,,,
AL,Resident,residency,al-residency-resident,True,,,,,
AR,Nonresident,residency,ar-residency-nonresident,True,,,,,
AR,Resident,residency,ar-residency-resident,True,,,,,
AZ,Nonresident,residency,az-residency-nonresident,True,,,,,
AZ,Resident,residency,az-residency-resident,True,,,,,
CA,Nonresident,residency,ca-residency-nonresident,True,,,,,
CA,Resident,residency,ca-residency-resident,True,,,,,
CO,Nonresident,residency,co-residency-nonresident,True,,,,,
CO,Resident,residency,co-residency-resident,True,,,,,
CT,Nonresident,residency,ct-residency-nonresident,True,,,,,
CT,Resident,residency,ct-residency-resident,True,,,,,
DE,Nonresident,residency,de-residency-nonresident,True,,,,,
DE,Resident,residency,de-residency-resident,True,,,,,
FL,Nonresident,residency,fl-residency-nonresident,True,,,,,
FL,Resident,residency,fl-residency-resident,True,,,,,
GA,Nonresident,residency,ga-residency-nonresident,True,,,,,
GA,Resident,residency,ga-residency-resident,True,,,,,
HI,Nonresident,residency,hi-residency-nonresident,True,,,,,
HI,Resident,residency,hi-residency-resident,True,,,,,
IA,Nonresident,residency,ia-residency-nonresident,True,,,,,
IA,Resident,residency,ia-residency-resident,True,,,,,
ID,Nonresident,residency,id-residency-nonresident,True,,,,,
ID,Resident,residency,id-residency-resident,True,,,,,
IL,Nonresident,residency,il-residency-nonresident,True,,,,,
IL,Resident,residency,il-residency-resident,True,,,,,
IN,Nonresident,residency,in-residency-nonresident,True,,,,,
IN,Resident,residency,in-residency-resident,True,,,,,
KS,Nonresident,residency,ks-residency-nonresident,True,,,,,
KS,Resident,residency,ks-residency-resident,True,,,,,
KY,Nonresident,residency,ky-residency-nonresident,True,,,,,
KY,Resident,residency,ky-residency-resident,True,,,,,
LA,Nonresident,residency,la-residency-nonresident,True,,,,,
LA,Resident,residency,la-residency-resident,True,,,,,
MA,Nonresident,residency,ma-residency-nonresident,True,,,,,
MA,Resident,residency,ma-residency-resident,True,,,,,
MD,Nonresident,residency,md-residency-nonresident,True,,,,,
MD,Resident,residency,md-residency-resident,True,,,,,
ME,Nonresident,residency,me-residency-nonresident,True,,,,,
ME,Resident,residency,me-residency-resident,True,,,,,
MI,Nonresident,residency,mi-residency-nonresident,True,,,,,
MI,Resident,residency,mi-residency-resident,True,,,,,
MN,Nonresident,residency,mn-residency-nonresident,True,,,,,
MN,Resident,residency,mn-residency-resident,True,,,,,
MO,Nonresident,residency,mo-residency-nonresident,True,,,,,
MO,Resident,residency,mo-residency-resident,True,,,,,
MS,Nonresident,residency,ms-residency-nonresident,True,,,,,
MS,Resident,residency,ms-residency-resident,True,,,,,
MT,Resident,residency,mt-residency-resident,True,,,,,
NC,Nonresident,residency,nc-residency-nonresident,True,,,,,
NC,Resident,residency,nc-residency-resident,True,,,,,
ND,Nonresident,residency,nd-residency-nonresident,True,,,,,
ND,Resident,residency,nd-residency-resident,True,,,,,
NE,Nonresident,residency,ne-residency-nonresident,True,,,,,
NE,Resident,residency,ne-residency-resident,True,,,,,
NH,Nonresident,residency,nh-residency-nonresident,True,,,,,
NH,Resident,residency,nh-residency-resident,True,,,,,
NJ,Nonresident,residency,nj-residency-nonresident,True,,,,,
NJ,Resident,residency,nj-residency-resident,True,,,,,
NM,Nonresident,residency,nm-residency-nonresident,True,,,,,
NM,Resident,residency,nm-residency-resident,True,,,,,
NV,Nonresident,residency,nv-residency-nonresident,True,,,,,
NV,Resident,residency,nv-residency-resident,True,,,,,
NY,Nonresident,residency,ny-residency-nonresident,True,,,,,
NY,Resident,residency,ny-residency-resident,True,,,,,
OH,Nonresident,residency,oh-residency-nonresident,True,,,,,
OH,Resident,residency,oh-residency-resident,True,,,,,
OK,Nonresident,residency,ok-residency-nonresident,True,,,,,
OK,Resident,residency,ok-residency-resident,True,,,,,
OR,Nonresident,residency,or-residency-nonresident,True,,,,,
OR,Resident,residency,or-residency-resident,True,,,,,
PA,Nonresident,residency,pa-residency-nonresident,True,,,,,
PA,Resident,residency,pa-residency-resident,True,,,,,
RI,Nonresident,residency,ri-residency-nonresident,True,,,,,
RI,Resident,residency,ri-residency-resident,True,,,,,
SC,Resident,residency,sc-residency-resident,True,,,,,
SD,Nonresident,residency,sd-residency-nonresident,True,,,,,
SD,Resident,residency,sd-residency-resident,True,,,,,
TN,Nonresident,residency,tn-residency-nonresident,True,,,,,
TN,Resident,residency,tn-residency-resident,True,,,,,
TX,Nonresident,residency,tx-residency-nonresident,True,,,,,
TX,Resident,residency,tx-residency-resident,True,,,,,
UT,Nonresident,residency,ut-residency-nonresident,True,,,,,
UT,Resident,residency,ut-residency-resident,True,,,,,
VA,Nonresident,residency,va-residency-nonresident,True,,,,,
VA,Resident,residency,va-residency-resident,True,,,,,
VT,Nonresident,residency,vt-residency-nonresident,True,,,,,
VT,Resident,residency,vt-residency-resident,True,,,,,
WA,Nonresident,residency,wa-residency-nonresident,True,,,,,
WA,Resident,residency,wa-residency-resident,True,,,,,
WI,Nonresident,residency,wi-residency-nonresident,True,,,,,
WI,Resident,residency,wi-residency-resident,True,,,,,
WV,Nonresident,residency,wv-residency-nonresident,True,,,,,
WV,Resident,residency,wv-residency-resident,True,,,,,
WY,Resident,residency,wy-residency-resident,True,,,,,
